ISO-10303-21;
HEADER;
/* Generated by software containing ST-Developer
 * from STEP Tools, Inc. (www.steptools.com) 
 */

FILE_DESCRIPTION(
/* description */ (''),
/* implementation_level */ '2;1');

FILE_NAME(
/* name */ 'MotorChassis.step',
/* time_stamp */ '2026-09-10T19:51:08-04:00',
/* author */ (''),
/* organization */ (''),
/* preprocessor_version */ 'ST-DEVELOPER v20.1',
/* originating_system */ 'Autodesk Translation Framework v15.8.0.0',
/* authorisation */ '');

FILE_SCHEMA (('AUTOMOTIVE_DESIGN { 1 0 10303 214 3 1 1 }'));
ENDSEC;

DATA;
#10=MECHANICAL_DESIGN_GEOMETRIC_PRESENTATION_REPRESENTATION('',(#13,#14,
#15,#16,#17,#18,#19,#20,#21,#22,#23,#24),#4743);
#11=SHAPE_REPRESENTATION_RELATIONSHIP('SRR','None',#4750,#12);
#12=ADVANCED_BREP_SHAPE_REPRESENTATION('',(#25,#26,#27,#28,#29,#30,#31,
#32,#33,#34,#35,#36),#4742);
#13=STYLED_ITEM('',(#4759),#25);
#14=STYLED_ITEM('',(#4759),#26);
#15=STYLED_ITEM('',(#4759),#27);
#16=STYLED_ITEM('',(#4759),#28);
#17=STYLED_ITEM('',(#4759),#29);
#18=STYLED_ITEM('',(#4759),#30);
#19=STYLED_ITEM('',(#4759),#31);
#20=STYLED_ITEM('',(#4759),#32);
#21=STYLED_ITEM('',(#4759),#33);
#22=STYLED_ITEM('',(#4759),#34);
#23=STYLED_ITEM('',(#4759),#35);
#24=STYLED_ITEM('',(#4759),#36);
#25=MANIFOLD_SOLID_BREP('Body1',#2928);
#26=MANIFOLD_SOLID_BREP('Body2',#2929);
#27=MANIFOLD_SOLID_BREP('Body3',#2930);
#28=MANIFOLD_SOLID_BREP('Body4',#2931);
#29=MANIFOLD_SOLID_BREP('Body5',#2932);
#30=MANIFOLD_SOLID_BREP('Body6',#2933);
#31=MANIFOLD_SOLID_BREP('Body7',#2934);
#32=MANIFOLD_SOLID_BREP('Body8',#2935);
#33=MANIFOLD_SOLID_BREP('Body9',#2936);
#34=MANIFOLD_SOLID_BREP('Body10',#2937);
#35=MANIFOLD_SOLID_BREP('Body11',#2938);
#36=MANIFOLD_SOLID_BREP('Body12',#2939);
#37=FACE_BOUND('',#411,.T.);
#38=FACE_BOUND('',#412,.T.);
#39=FACE_BOUND('',#413,.T.);
#40=FACE_BOUND('',#414,.T.);
#41=FACE_BOUND('',#436,.T.);
#42=FACE_BOUND('',#437,.T.);
#43=FACE_BOUND('',#438,.T.);
#44=FACE_BOUND('',#439,.T.);
#45=FACE_BOUND('',#441,.T.);
#46=FACE_BOUND('',#442,.T.);
#47=FACE_BOUND('',#444,.T.);
#48=FACE_BOUND('',#445,.T.);
#49=FACE_BOUND('',#458,.T.);
#50=FACE_BOUND('',#461,.T.);
#51=FACE_BOUND('',#465,.T.);
#52=FACE_BOUND('',#466,.T.);
#53=FACE_BOUND('',#467,.T.);
#54=FACE_BOUND('',#468,.T.);
#55=FACE_BOUND('',#470,.T.);
#56=FACE_BOUND('',#471,.T.);
#57=FACE_BOUND('',#472,.T.);
#58=FACE_BOUND('',#473,.T.);
#59=FACE_BOUND('',#478,.T.);
#60=FACE_BOUND('',#484,.T.);
#61=FACE_BOUND('',#486,.T.);
#62=FACE_BOUND('',#491,.T.);
#63=FACE_BOUND('',#493,.T.);
#64=FACE_BOUND('',#518,.T.);
#65=FACE_BOUND('',#520,.T.);
#66=FACE_BOUND('',#522,.T.);
#67=FACE_BOUND('',#523,.T.);
#68=FACE_BOUND('',#524,.T.);
#69=FACE_BOUND('',#525,.T.);
#70=FACE_BOUND('',#526,.T.);
#71=FACE_BOUND('',#528,.T.);
#72=FACE_BOUND('',#529,.T.);
#73=FACE_BOUND('',#530,.T.);
#74=FACE_BOUND('',#531,.T.);
#75=FACE_BOUND('',#532,.T.);
#76=PLANE('',#2956);
#77=PLANE('',#2960);
#78=PLANE('',#2964);
#79=PLANE('',#2968);
#80=PLANE('',#2969);
#81=PLANE('',#2970);
#82=PLANE('',#2971);
#83=PLANE('',#2972);
#84=PLANE('',#2973);
#85=PLANE('',#2974);
#86=PLANE('',#2975);
#87=PLANE('',#2976);
#88=PLANE('',#2977);
#89=PLANE('',#2978);
#90=PLANE('',#2979);
#91=PLANE('',#2980);
#92=PLANE('',#2981);
#93=PLANE('',#2982);
#94=PLANE('',#2983);
#95=PLANE('',#2984);
#96=PLANE('',#2985);
#97=PLANE('',#2986);
#98=PLANE('',#2987);
#99=PLANE('',#2988);
#100=PLANE('',#2989);
#101=PLANE('',#2990);
#102=PLANE('',#2995);
#103=PLANE('',#2996);
#104=PLANE('',#2997);
#105=PLANE('',#2998);
#106=PLANE('',#2999);
#107=PLANE('',#3000);
#108=PLANE('',#3001);
#109=PLANE('',#3002);
#110=PLANE('',#3003);
#111=PLANE('',#3004);
#112=PLANE('',#3005);
#113=PLANE('',#3006);
#114=PLANE('',#3015);
#115=PLANE('',#3016);
#116=PLANE('',#3017);
#117=PLANE('',#3018);
#118=PLANE('',#3019);
#119=PLANE('',#3020);
#120=PLANE('',#3021);
#121=PLANE('',#3037);
#122=PLANE('',#3038);
#123=PLANE('',#3039);
#124=PLANE('',#3040);
#125=PLANE('',#3041);
#126=PLANE('',#3042);
#127=PLANE('',#3043);
#128=PLANE('',#3044);
#129=PLANE('',#3045);
#130=PLANE('',#3046);
#131=PLANE('',#3047);
#132=PLANE('',#3048);
#133=PLANE('',#3049);
#134=PLANE('',#3050);
#135=PLANE('',#3051);
#136=PLANE('',#3052);
#137=PLANE('',#3053);
#138=PLANE('',#3055);
#139=PLANE('',#3056);
#140=PLANE('',#3057);
#141=PLANE('',#3058);
#142=PLANE('',#3059);
#143=PLANE('',#3061);
#144=PLANE('',#3063);
#145=PLANE('',#3064);
#146=PLANE('',#3065);
#147=PLANE('',#3066);
#148=PLANE('',#3068);
#149=PLANE('',#3072);
#150=PLANE('',#3075);
#151=PLANE('',#3078);
#152=PLANE('',#3081);
#153=PLANE('',#3084);
#154=PLANE('',#3085);
#155=PLANE('',#3086);
#156=PLANE('',#3087);
#157=PLANE('',#3088);
#158=PLANE('',#3089);
#159=PLANE('',#3090);
#160=PLANE('',#3091);
#161=PLANE('',#3092);
#162=PLANE('',#3093);
#163=PLANE('',#3094);
#164=PLANE('',#3095);
#165=PLANE('',#3096);
#166=PLANE('',#3097);
#167=PLANE('',#3098);
#168=PLANE('',#3099);
#169=PLANE('',#3100);
#170=PLANE('',#3101);
#171=PLANE('',#3105);
#172=PLANE('',#3106);
#173=PLANE('',#3110);
#174=PLANE('',#3111);
#175=PLANE('',#3115);
#176=PLANE('',#3116);
#177=PLANE('',#3120);
#178=PLANE('',#3121);
#179=PLANE('',#3125);
#180=PLANE('',#3126);
#181=PLANE('',#3127);
#182=PLANE('',#3128);
#183=PLANE('',#3129);
#184=PLANE('',#3130);
#185=PLANE('',#3131);
#186=PLANE('',#3132);
#187=PLANE('',#3133);
#188=PLANE('',#3134);
#189=PLANE('',#3135);
#190=PLANE('',#3136);
#191=PLANE('',#3137);
#192=PLANE('',#3138);
#193=PLANE('',#3139);
#194=PLANE('',#3140);
#195=PLANE('',#3141);
#196=PLANE('',#3142);
#197=PLANE('',#3143);
#198=PLANE('',#3144);
#199=PLANE('',#3145);
#200=PLANE('',#3146);
#201=PLANE('',#3147);
#202=PLANE('',#3148);
#203=PLANE('',#3149);
#204=PLANE('',#3150);
#205=PLANE('',#3151);
#206=PLANE('',#3152);
#207=PLANE('',#3153);
#208=PLANE('',#3154);
#209=PLANE('',#3155);
#210=PLANE('',#3156);
#211=PLANE('',#3157);
#212=PLANE('',#3158);
#213=PLANE('',#3159);
#214=PLANE('',#3160);
#215=PLANE('',#3161);
#216=PLANE('',#3162);
#217=FACE_OUTER_BOUND('',#381,.T.);
#218=FACE_OUTER_BOUND('',#382,.T.);
#219=FACE_OUTER_BOUND('',#383,.T.);
#220=FACE_OUTER_BOUND('',#384,.T.);
#221=FACE_OUTER_BOUND('',#385,.T.);
#222=FACE_OUTER_BOUND('',#386,.T.);
#223=FACE_OUTER_BOUND('',#387,.T.);
#224=FACE_OUTER_BOUND('',#388,.T.);
#225=FACE_OUTER_BOUND('',#389,.T.);
#226=FACE_OUTER_BOUND('',#390,.T.);
#227=FACE_OUTER_BOUND('',#391,.T.);
#228=FACE_OUTER_BOUND('',#392,.T.);
#229=FACE_OUTER_BOUND('',#393,.T.);
#230=FACE_OUTER_BOUND('',#394,.T.);
#231=FACE_OUTER_BOUND('',#395,.T.);
#232=FACE_OUTER_BOUND('',#396,.T.);
#233=FACE_OUTER_BOUND('',#397,.T.);
#234=FACE_OUTER_BOUND('',#398,.T.);
#235=FACE_OUTER_BOUND('',#399,.T.);
#236=FACE_OUTER_BOUND('',#400,.T.);
#237=FACE_OUTER_BOUND('',#401,.T.);
#238=FACE_OUTER_BOUND('',#402,.T.);
#239=FACE_OUTER_BOUND('',#403,.T.);
#240=FACE_OUTER_BOUND('',#404,.T.);
#241=FACE_OUTER_BOUND('',#405,.T.);
#242=FACE_OUTER_BOUND('',#406,.T.);
#243=FACE_OUTER_BOUND('',#407,.T.);
#244=FACE_OUTER_BOUND('',#408,.T.);
#245=FACE_OUTER_BOUND('',#409,.T.);
#246=FACE_OUTER_BOUND('',#410,.T.);
#247=FACE_OUTER_BOUND('',#415,.T.);
#248=FACE_OUTER_BOUND('',#416,.T.);
#249=FACE_OUTER_BOUND('',#417,.T.);
#250=FACE_OUTER_BOUND('',#418,.T.);
#251=FACE_OUTER_BOUND('',#419,.T.);
#252=FACE_OUTER_BOUND('',#420,.T.);
#253=FACE_OUTER_BOUND('',#421,.T.);
#254=FACE_OUTER_BOUND('',#422,.T.);
#255=FACE_OUTER_BOUND('',#423,.T.);
#256=FACE_OUTER_BOUND('',#424,.T.);
#257=FACE_OUTER_BOUND('',#425,.T.);
#258=FACE_OUTER_BOUND('',#426,.T.);
#259=FACE_OUTER_BOUND('',#427,.T.);
#260=FACE_OUTER_BOUND('',#428,.T.);
#261=FACE_OUTER_BOUND('',#429,.T.);
#262=FACE_OUTER_BOUND('',#430,.T.);
#263=FACE_OUTER_BOUND('',#431,.T.);
#264=FACE_OUTER_BOUND('',#432,.T.);
#265=FACE_OUTER_BOUND('',#433,.T.);
#266=FACE_OUTER_BOUND('',#434,.T.);
#267=FACE_OUTER_BOUND('',#435,.T.);
#268=FACE_OUTER_BOUND('',#440,.T.);
#269=FACE_OUTER_BOUND('',#443,.T.);
#270=FACE_OUTER_BOUND('',#446,.T.);
#271=FACE_OUTER_BOUND('',#447,.T.);
#272=FACE_OUTER_BOUND('',#448,.T.);
#273=FACE_OUTER_BOUND('',#449,.T.);
#274=FACE_OUTER_BOUND('',#450,.T.);
#275=FACE_OUTER_BOUND('',#451,.T.);
#276=FACE_OUTER_BOUND('',#452,.T.);
#277=FACE_OUTER_BOUND('',#453,.T.);
#278=FACE_OUTER_BOUND('',#454,.T.);
#279=FACE_OUTER_BOUND('',#455,.T.);
#280=FACE_OUTER_BOUND('',#456,.T.);
#281=FACE_OUTER_BOUND('',#457,.T.);
#282=FACE_OUTER_BOUND('',#459,.T.);
#283=FACE_OUTER_BOUND('',#460,.T.);
#284=FACE_OUTER_BOUND('',#462,.T.);
#285=FACE_OUTER_BOUND('',#463,.T.);
#286=FACE_OUTER_BOUND('',#464,.T.);
#287=FACE_OUTER_BOUND('',#469,.T.);
#288=FACE_OUTER_BOUND('',#474,.T.);
#289=FACE_OUTER_BOUND('',#475,.T.);
#290=FACE_OUTER_BOUND('',#476,.T.);
#291=FACE_OUTER_BOUND('',#477,.T.);
#292=FACE_OUTER_BOUND('',#479,.T.);
#293=FACE_OUTER_BOUND('',#480,.T.);
#294=FACE_OUTER_BOUND('',#481,.T.);
#295=FACE_OUTER_BOUND('',#482,.T.);
#296=FACE_OUTER_BOUND('',#483,.T.);
#297=FACE_OUTER_BOUND('',#485,.T.);
#298=FACE_OUTER_BOUND('',#487,.T.);
#299=FACE_OUTER_BOUND('',#488,.T.);
#300=FACE_OUTER_BOUND('',#489,.T.);
#301=FACE_OUTER_BOUND('',#490,.T.);
#302=FACE_OUTER_BOUND('',#492,.T.);
#303=FACE_OUTER_BOUND('',#494,.T.);
#304=FACE_OUTER_BOUND('',#495,.T.);
#305=FACE_OUTER_BOUND('',#496,.T.);
#306=FACE_OUTER_BOUND('',#497,.T.);
#307=FACE_OUTER_BOUND('',#498,.T.);
#308=FACE_OUTER_BOUND('',#499,.T.);
#309=FACE_OUTER_BOUND('',#500,.T.);
#310=FACE_OUTER_BOUND('',#501,.T.);
#311=FACE_OUTER_BOUND('',#502,.T.);
#312=FACE_OUTER_BOUND('',#503,.T.);
#313=FACE_OUTER_BOUND('',#504,.T.);
#314=FACE_OUTER_BOUND('',#505,.T.);
#315=FACE_OUTER_BOUND('',#506,.T.);
#316=FACE_OUTER_BOUND('',#507,.T.);
#317=FACE_OUTER_BOUND('',#508,.T.);
#318=FACE_OUTER_BOUND('',#509,.T.);
#319=FACE_OUTER_BOUND('',#510,.T.);
#320=FACE_OUTER_BOUND('',#511,.T.);
#321=FACE_OUTER_BOUND('',#512,.T.);
#322=FACE_OUTER_BOUND('',#513,.T.);
#323=FACE_OUTER_BOUND('',#514,.T.);
#324=FACE_OUTER_BOUND('',#515,.T.);
#325=FACE_OUTER_BOUND('',#516,.T.);
#326=FACE_OUTER_BOUND('',#517,.T.);
#327=FACE_OUTER_BOUND('',#519,.T.);
#328=FACE_OUTER_BOUND('',#521,.T.);
#329=FACE_OUTER_BOUND('',#527,.T.);
#330=FACE_OUTER_BOUND('',#533,.T.);
#331=FACE_OUTER_BOUND('',#534,.T.);
#332=FACE_OUTER_BOUND('',#535,.T.);
#333=FACE_OUTER_BOUND('',#536,.T.);
#334=FACE_OUTER_BOUND('',#537,.T.);
#335=FACE_OUTER_BOUND('',#538,.T.);
#336=FACE_OUTER_BOUND('',#539,.T.);
#337=FACE_OUTER_BOUND('',#540,.T.);
#338=FACE_OUTER_BOUND('',#541,.T.);
#339=FACE_OUTER_BOUND('',#542,.T.);
#340=FACE_OUTER_BOUND('',#543,.T.);
#341=FACE_OUTER_BOUND('',#544,.T.);
#342=FACE_OUTER_BOUND('',#545,.T.);
#343=FACE_OUTER_BOUND('',#546,.T.);
#344=FACE_OUTER_BOUND('',#547,.T.);
#345=FACE_OUTER_BOUND('',#548,.T.);
#346=FACE_OUTER_BOUND('',#549,.T.);
#347=FACE_OUTER_BOUND('',#550,.T.);
#348=FACE_OUTER_BOUND('',#551,.T.);
#349=FACE_OUTER_BOUND('',#552,.T.);
#350=FACE_OUTER_BOUND('',#553,.T.);
#351=FACE_OUTER_BOUND('',#554,.T.);
#352=FACE_OUTER_BOUND('',#555,.T.);
#353=FACE_OUTER_BOUND('',#556,.T.);
#354=FACE_OUTER_BOUND('',#557,.T.);
#355=FACE_OUTER_BOUND('',#558,.T.);
#356=FACE_OUTER_BOUND('',#559,.T.);
#357=FACE_OUTER_BOUND('',#560,.T.);
#358=FACE_OUTER_BOUND('',#561,.T.);
#359=FACE_OUTER_BOUND('',#562,.T.);
#360=FACE_OUTER_BOUND('',#563,.T.);
#361=FACE_OUTER_BOUND('',#564,.T.);
#362=FACE_OUTER_BOUND('',#565,.T.);
#363=FACE_OUTER_BOUND('',#566,.T.);
#364=FACE_OUTER_BOUND('',#567,.T.);
#365=FACE_OUTER_BOUND('',#568,.T.);
#366=FACE_OUTER_BOUND('',#569,.T.);
#367=FACE_OUTER_BOUND('',#570,.T.);
#368=FACE_OUTER_BOUND('',#571,.T.);
#369=FACE_OUTER_BOUND('',#572,.T.);
#370=FACE_OUTER_BOUND('',#573,.T.);
#371=FACE_OUTER_BOUND('',#574,.T.);
#372=FACE_OUTER_BOUND('',#575,.T.);
#373=FACE_OUTER_BOUND('',#576,.T.);
#374=FACE_OUTER_BOUND('',#577,.T.);
#375=FACE_OUTER_BOUND('',#578,.T.);
#376=FACE_OUTER_BOUND('',#579,.T.);
#377=FACE_OUTER_BOUND('',#580,.T.);
#378=FACE_OUTER_BOUND('',#581,.T.);
#379=FACE_OUTER_BOUND('',#582,.T.);
#380=FACE_OUTER_BOUND('',#583,.T.);
#381=EDGE_LOOP('',(#1963,#1964,#1965,#1966));
#382=EDGE_LOOP('',(#1967));
#383=EDGE_LOOP('',(#1968,#1969,#1970,#1971));
#384=EDGE_LOOP('',(#1972));
#385=EDGE_LOOP('',(#1973,#1974,#1975,#1976));
#386=EDGE_LOOP('',(#1977));
#387=EDGE_LOOP('',(#1978,#1979,#1980,#1981));
#388=EDGE_LOOP('',(#1982));
#389=EDGE_LOOP('',(#1983,#1984,#1985,#1986));
#390=EDGE_LOOP('',(#1987,#1988,#1989,#1990));
#391=EDGE_LOOP('',(#1991,#1992,#1993,#1994));
#392=EDGE_LOOP('',(#1995,#1996,#1997,#1998));
#393=EDGE_LOOP('',(#1999,#2000,#2001,#2002));
#394=EDGE_LOOP('',(#2003,#2004,#2005,#2006));
#395=EDGE_LOOP('',(#2007,#2008,#2009,#2010));
#396=EDGE_LOOP('',(#2011,#2012,#2013,#2014));
#397=EDGE_LOOP('',(#2015,#2016,#2017,#2018));
#398=EDGE_LOOP('',(#2019,#2020,#2021,#2022));
#399=EDGE_LOOP('',(#2023,#2024,#2025,#2026));
#400=EDGE_LOOP('',(#2027,#2028,#2029,#2030));
#401=EDGE_LOOP('',(#2031,#2032,#2033,#2034));
#402=EDGE_LOOP('',(#2035,#2036,#2037,#2038));
#403=EDGE_LOOP('',(#2039,#2040,#2041,#2042));
#404=EDGE_LOOP('',(#2043,#2044,#2045,#2046));
#405=EDGE_LOOP('',(#2047,#2048,#2049,#2050));
#406=EDGE_LOOP('',(#2051,#2052,#2053,#2054));
#407=EDGE_LOOP('',(#2055,#2056,#2057,#2058,#2059,#2060));
#408=EDGE_LOOP('',(#2061,#2062,#2063,#2064));
#409=EDGE_LOOP('',(#2065,#2066,#2067,#2068));
#410=EDGE_LOOP('',(#2069,#2070,#2071,#2072,#2073,#2074,#2075,#2076,#2077,
#2078,#2079,#2080));
#411=EDGE_LOOP('',(#2081));
#412=EDGE_LOOP('',(#2082));
#413=EDGE_LOOP('',(#2083));
#414=EDGE_LOOP('',(#2084));
#415=EDGE_LOOP('',(#2085,#2086,#2087,#2088));
#416=EDGE_LOOP('',(#2089,#2090,#2091,#2092,#2093,#2094));
#417=EDGE_LOOP('',(#2095,#2096,#2097,#2098));
#418=EDGE_LOOP('',(#2099,#2100,#2101,#2102));
#419=EDGE_LOOP('',(#2103,#2104,#2105,#2106));
#420=EDGE_LOOP('',(#2107,#2108,#2109,#2110));
#421=EDGE_LOOP('',(#2111,#2112,#2113,#2114));
#422=EDGE_LOOP('',(#2115,#2116,#2117,#2118));
#423=EDGE_LOOP('',(#2119,#2120,#2121,#2122,#2123));
#424=EDGE_LOOP('',(#2124,#2125,#2126,#2127));
#425=EDGE_LOOP('',(#2128,#2129,#2130,#2131));
#426=EDGE_LOOP('',(#2132,#2133,#2134,#2135,#2136));
#427=EDGE_LOOP('',(#2137,#2138,#2139,#2140));
#428=EDGE_LOOP('',(#2141,#2142,#2143,#2144));
#429=EDGE_LOOP('',(#2145,#2146,#2147,#2148));
#430=EDGE_LOOP('',(#2149,#2150,#2151,#2152));
#431=EDGE_LOOP('',(#2153,#2154,#2155,#2156));
#432=EDGE_LOOP('',(#2157,#2158,#2159,#2160));
#433=EDGE_LOOP('',(#2161,#2162,#2163,#2164));
#434=EDGE_LOOP('',(#2165,#2166,#2167,#2168));
#435=EDGE_LOOP('',(#2169,#2170,#2171,#2172));
#436=EDGE_LOOP('',(#2173));
#437=EDGE_LOOP('',(#2174));
#438=EDGE_LOOP('',(#2175));
#439=EDGE_LOOP('',(#2176));
#440=EDGE_LOOP('',(#2177,#2178,#2179,#2180,#2181,#2182));
#441=EDGE_LOOP('',(#2183,#2184,#2185,#2186));
#442=EDGE_LOOP('',(#2187,#2188,#2189,#2190));
#443=EDGE_LOOP('',(#2191,#2192,#2193,#2194,#2195,#2196));
#444=EDGE_LOOP('',(#2197,#2198,#2199,#2200));
#445=EDGE_LOOP('',(#2201,#2202,#2203,#2204));
#446=EDGE_LOOP('',(#2205,#2206,#2207,#2208));
#447=EDGE_LOOP('',(#2209,#2210,#2211,#2212));
#448=EDGE_LOOP('',(#2213,#2214,#2215,#2216));
#449=EDGE_LOOP('',(#2217,#2218,#2219,#2220));
#450=EDGE_LOOP('',(#2221,#2222,#2223,#2224));
#451=EDGE_LOOP('',(#2225,#2226,#2227,#2228));
#452=EDGE_LOOP('',(#2229,#2230,#2231,#2232));
#453=EDGE_LOOP('',(#2233,#2234,#2235,#2236,#2237,#2238));
#454=EDGE_LOOP('',(#2239,#2240,#2241,#2242));
#455=EDGE_LOOP('',(#2243,#2244,#2245,#2246));
#456=EDGE_LOOP('',(#2247,#2248,#2249,#2250,#2251,#2252));
#457=EDGE_LOOP('',(#2253,#2254,#2255,#2256));
#458=EDGE_LOOP('',(#2257));
#459=EDGE_LOOP('',(#2258,#2259,#2260,#2261));
#460=EDGE_LOOP('',(#2262,#2263,#2264,#2265));
#461=EDGE_LOOP('',(#2266));
#462=EDGE_LOOP('',(#2267,#2268,#2269,#2270));
#463=EDGE_LOOP('',(#2271,#2272,#2273,#2274,#2275,#2276,#2277,#2278,#2279,
#2280));
#464=EDGE_LOOP('',(#2281,#2282,#2283,#2284,#2285,#2286,#2287,#2288,#2289,
#2290));
#465=EDGE_LOOP('',(#2291));
#466=EDGE_LOOP('',(#2292));
#467=EDGE_LOOP('',(#2293));
#468=EDGE_LOOP('',(#2294));
#469=EDGE_LOOP('',(#2295,#2296,#2297,#2298,#2299,#2300,#2301,#2302,#2303,
#2304));
#470=EDGE_LOOP('',(#2305));
#471=EDGE_LOOP('',(#2306));
#472=EDGE_LOOP('',(#2307));
#473=EDGE_LOOP('',(#2308));
#474=EDGE_LOOP('',(#2309,#2310,#2311,#2312));
#475=EDGE_LOOP('',(#2313,#2314,#2315,#2316));
#476=EDGE_LOOP('',(#2317,#2318,#2319,#2320));
#477=EDGE_LOOP('',(#2321,#2322,#2323,#2324));
#478=EDGE_LOOP('',(#2325));
#479=EDGE_LOOP('',(#2326,#2327,#2328,#2329));
#480=EDGE_LOOP('',(#2330,#2331,#2332,#2333));
#481=EDGE_LOOP('',(#2334,#2335,#2336,#2337));
#482=EDGE_LOOP('',(#2338,#2339,#2340,#2341));
#483=EDGE_LOOP('',(#2342,#2343,#2344,#2345));
#484=EDGE_LOOP('',(#2346));
#485=EDGE_LOOP('',(#2347,#2348,#2349,#2350));
#486=EDGE_LOOP('',(#2351));
#487=EDGE_LOOP('',(#2352,#2353,#2354,#2355));
#488=EDGE_LOOP('',(#2356,#2357,#2358,#2359));
#489=EDGE_LOOP('',(#2360,#2361,#2362,#2363));
#490=EDGE_LOOP('',(#2364,#2365,#2366,#2367));
#491=EDGE_LOOP('',(#2368));
#492=EDGE_LOOP('',(#2369,#2370,#2371,#2372));
#493=EDGE_LOOP('',(#2373));
#494=EDGE_LOOP('',(#2374,#2375,#2376,#2377));
#495=EDGE_LOOP('',(#2378));
#496=EDGE_LOOP('',(#2379,#2380,#2381,#2382));
#497=EDGE_LOOP('',(#2383));
#498=EDGE_LOOP('',(#2384,#2385,#2386,#2387));
#499=EDGE_LOOP('',(#2388));
#500=EDGE_LOOP('',(#2389,#2390,#2391,#2392));
#501=EDGE_LOOP('',(#2393));
#502=EDGE_LOOP('',(#2394,#2395,#2396,#2397));
#503=EDGE_LOOP('',(#2398));
#504=EDGE_LOOP('',(#2399,#2400,#2401,#2402));
#505=EDGE_LOOP('',(#2403,#2404,#2405,#2406));
#506=EDGE_LOOP('',(#2407,#2408,#2409,#2410));
#507=EDGE_LOOP('',(#2411,#2412,#2413,#2414));
#508=EDGE_LOOP('',(#2415,#2416,#2417,#2418));
#509=EDGE_LOOP('',(#2419,#2420,#2421,#2422));
#510=EDGE_LOOP('',(#2423,#2424,#2425,#2426));
#511=EDGE_LOOP('',(#2427,#2428,#2429,#2430));
#512=EDGE_LOOP('',(#2431,#2432,#2433,#2434));
#513=EDGE_LOOP('',(#2435,#2436,#2437,#2438));
#514=EDGE_LOOP('',(#2439,#2440,#2441,#2442,#2443,#2444,#2445,#2446,#2447,
#2448,#2449,#2450,#2451,#2452,#2453,#2454));
#515=EDGE_LOOP('',(#2455,#2456,#2457,#2458,#2459,#2460,#2461,#2462));
#516=EDGE_LOOP('',(#2463,#2464,#2465,#2466));
#517=EDGE_LOOP('',(#2467,#2468,#2469,#2470));
#518=EDGE_LOOP('',(#2471,#2472,#2473,#2474));
#519=EDGE_LOOP('',(#2475,#2476,#2477,#2478));
#520=EDGE_LOOP('',(#2479,#2480,#2481,#2482));
#521=EDGE_LOOP('',(#2483,#2484,#2485,#2486,#2487,#2488,#2489,#2490,#2491,
#2492,#2493,#2494,#2495,#2496,#2497,#2498,#2499,#2500,#2501,#2502,#2503,
#2504,#2505,#2506,#2507,#2508,#2509,#2510));
#522=EDGE_LOOP('',(#2511,#2512,#2513,#2514));
#523=EDGE_LOOP('',(#2515));
#524=EDGE_LOOP('',(#2516));
#525=EDGE_LOOP('',(#2517));
#526=EDGE_LOOP('',(#2518));
#527=EDGE_LOOP('',(#2519,#2520,#2521,#2522,#2523,#2524,#2525,#2526,#2527,
#2528,#2529,#2530,#2531,#2532,#2533,#2534,#2535,#2536,#2537,#2538,#2539,
#2540,#2541,#2542,#2543,#2544,#2545,#2546));
#528=EDGE_LOOP('',(#2547,#2548,#2549,#2550));
#529=EDGE_LOOP('',(#2551,#2552,#2553,#2554));
#530=EDGE_LOOP('',(#2555,#2556,#2557,#2558));
#531=EDGE_LOOP('',(#2559,#2560,#2561,#2562));
#532=EDGE_LOOP('',(#2563,#2564,#2565,#2566));
#533=EDGE_LOOP('',(#2567,#2568,#2569,#2570));
#534=EDGE_LOOP('',(#2571));
#535=EDGE_LOOP('',(#2572));
#536=EDGE_LOOP('',(#2573,#2574,#2575,#2576));
#537=EDGE_LOOP('',(#2577));
#538=EDGE_LOOP('',(#2578));
#539=EDGE_LOOP('',(#2579,#2580,#2581,#2582));
#540=EDGE_LOOP('',(#2583));
#541=EDGE_LOOP('',(#2584));
#542=EDGE_LOOP('',(#2585,#2586,#2587,#2588));
#543=EDGE_LOOP('',(#2589));
#544=EDGE_LOOP('',(#2590));
#545=EDGE_LOOP('',(#2591,#2592,#2593,#2594));
#546=EDGE_LOOP('',(#2595));
#547=EDGE_LOOP('',(#2596));
#548=EDGE_LOOP('',(#2597,#2598,#2599,#2600));
#549=EDGE_LOOP('',(#2601,#2602,#2603,#2604));
#550=EDGE_LOOP('',(#2605,#2606,#2607,#2608));
#551=EDGE_LOOP('',(#2609,#2610,#2611,#2612));
#552=EDGE_LOOP('',(#2613,#2614,#2615,#2616));
#553=EDGE_LOOP('',(#2617,#2618,#2619,#2620));
#554=EDGE_LOOP('',(#2621,#2622,#2623,#2624));
#555=EDGE_LOOP('',(#2625,#2626,#2627,#2628));
#556=EDGE_LOOP('',(#2629,#2630,#2631,#2632));
#557=EDGE_LOOP('',(#2633,#2634,#2635,#2636));
#558=EDGE_LOOP('',(#2637,#2638,#2639,#2640));
#559=EDGE_LOOP('',(#2641,#2642,#2643,#2644));
#560=EDGE_LOOP('',(#2645,#2646,#2647,#2648));
#561=EDGE_LOOP('',(#2649,#2650,#2651,#2652));
#562=EDGE_LOOP('',(#2653,#2654,#2655,#2656));
#563=EDGE_LOOP('',(#2657,#2658,#2659,#2660));
#564=EDGE_LOOP('',(#2661,#2662,#2663,#2664));
#565=EDGE_LOOP('',(#2665,#2666,#2667,#2668));
#566=EDGE_LOOP('',(#2669,#2670,#2671,#2672));
#567=EDGE_LOOP('',(#2673,#2674,#2675,#2676));
#568=EDGE_LOOP('',(#2677,#2678,#2679,#2680));
#569=EDGE_LOOP('',(#2681,#2682,#2683,#2684));
#570=EDGE_LOOP('',(#2685,#2686,#2687,#2688));
#571=EDGE_LOOP('',(#2689,#2690,#2691,#2692));
#572=EDGE_LOOP('',(#2693,#2694,#2695,#2696));
#573=EDGE_LOOP('',(#2697,#2698,#2699,#2700));
#574=EDGE_LOOP('',(#2701,#2702,#2703,#2704));
#575=EDGE_LOOP('',(#2705,#2706,#2707,#2708));
#576=EDGE_LOOP('',(#2709,#2710,#2711,#2712));
#577=EDGE_LOOP('',(#2713,#2714,#2715,#2716));
#578=EDGE_LOOP('',(#2717,#2718,#2719,#2720));
#579=EDGE_LOOP('',(#2721,#2722,#2723,#2724));
#580=EDGE_LOOP('',(#2725,#2726,#2727,#2728));
#581=EDGE_LOOP('',(#2729,#2730,#2731,#2732));
#582=EDGE_LOOP('',(#2733,#2734,#2735,#2736));
#583=EDGE_LOOP('',(#2737,#2738,#2739,#2740));
#584=LINE('',#3933,#927);
#585=LINE('',#3940,#928);
#586=LINE('',#3947,#929);
#587=LINE('',#3954,#930);
#588=LINE('',#3960,#931);
#589=LINE('',#3962,#932);
#590=LINE('',#3964,#933);
#591=LINE('',#3965,#934);
#592=LINE('',#3968,#935);
#593=LINE('',#3970,#936);
#594=LINE('',#3971,#937);
#595=LINE('',#3974,#938);
#596=LINE('',#3976,#939);
#597=LINE('',#3977,#940);
#598=LINE('',#3979,#941);
#599=LINE('',#3980,#942);
#600=LINE('',#3984,#943);
#601=LINE('',#3986,#944);
#602=LINE('',#3988,#945);
#603=LINE('',#3989,#946);
#604=LINE('',#3992,#947);
#605=LINE('',#3994,#948);
#606=LINE('',#3995,#949);
#607=LINE('',#3998,#950);
#608=LINE('',#4000,#951);
#609=LINE('',#4001,#952);
#610=LINE('',#4003,#953);
#611=LINE('',#4004,#954);
#612=LINE('',#4008,#955);
#613=LINE('',#4010,#956);
#614=LINE('',#4012,#957);
#615=LINE('',#4013,#958);
#616=LINE('',#4016,#959);
#617=LINE('',#4018,#960);
#618=LINE('',#4019,#961);
#619=LINE('',#4022,#962);
#620=LINE('',#4024,#963);
#621=LINE('',#4025,#964);
#622=LINE('',#4027,#965);
#623=LINE('',#4028,#966);
#624=LINE('',#4032,#967);
#625=LINE('',#4034,#968);
#626=LINE('',#4036,#969);
#627=LINE('',#4037,#970);
#628=LINE('',#4040,#971);
#629=LINE('',#4042,#972);
#630=LINE('',#4043,#973);
#631=LINE('',#4046,#974);
#632=LINE('',#4048,#975);
#633=LINE('',#4049,#976);
#634=LINE('',#4051,#977);
#635=LINE('',#4052,#978);
#636=LINE('',#4056,#979);
#637=LINE('',#4058,#980);
#638=LINE('',#4060,#981);
#639=LINE('',#4061,#982);
#640=LINE('',#4065,#983);
#641=LINE('',#4067,#984);
#642=LINE('',#4069,#985);
#643=LINE('',#4070,#986);
#644=LINE('',#4074,#987);
#645=LINE('',#4075,#988);
#646=LINE('',#4076,#989);
#647=LINE('',#4077,#990);
#648=LINE('',#4079,#991);
#649=LINE('',#4082,#992);
#650=LINE('',#4084,#993);
#651=LINE('',#4085,#994);
#652=LINE('',#4088,#995);
#653=LINE('',#4090,#996);
#654=LINE('',#4092,#997);
#655=LINE('',#4094,#998);
#656=LINE('',#4096,#999);
#657=LINE('',#4098,#1000);
#658=LINE('',#4100,#1001);
#659=LINE('',#4102,#1002);
#660=LINE('',#4104,#1003);
#661=LINE('',#4105,#1004);
#662=LINE('',#4117,#1005);
#663=LINE('',#4119,#1006);
#664=LINE('',#4121,#1007);
#665=LINE('',#4122,#1008);
#666=LINE('',#4124,#1009);
#667=LINE('',#4126,#1010);
#668=LINE('',#4127,#1011);
#669=LINE('',#4130,#1012);
#670=LINE('',#4132,#1013);
#671=LINE('',#4133,#1014);
#672=LINE('',#4135,#1015);
#673=LINE('',#4138,#1016);
#674=LINE('',#4139,#1017);
#675=LINE('',#4142,#1018);
#676=LINE('',#4143,#1019);
#677=LINE('',#4146,#1020);
#678=LINE('',#4147,#1021);
#679=LINE('',#4150,#1022);
#680=LINE('',#4151,#1023);
#681=LINE('',#4153,#1024);
#682=LINE('',#4156,#1025);
#683=LINE('',#4158,#1026);
#684=LINE('',#4159,#1027);
#685=LINE('',#4161,#1028);
#686=LINE('',#4163,#1029);
#687=LINE('',#4167,#1030);
#688=LINE('',#4171,#1031);
#689=LINE('',#4175,#1032);
#690=LINE('',#4179,#1033);
#691=LINE('',#4183,#1034);
#692=LINE('',#4185,#1035);
#693=LINE('',#4187,#1036);
#694=LINE('',#4188,#1037);
#695=LINE('',#4191,#1038);
#696=LINE('',#4193,#1039);
#697=LINE('',#4194,#1040);
#698=LINE('',#4197,#1041);
#699=LINE('',#4199,#1042);
#700=LINE('',#4200,#1043);
#701=LINE('',#4202,#1044);
#702=LINE('',#4203,#1045);
#703=LINE('',#4208,#1046);
#704=LINE('',#4210,#1047);
#705=LINE('',#4212,#1048);
#706=LINE('',#4214,#1049);
#707=LINE('',#4216,#1050);
#708=LINE('',#4217,#1051);
#709=LINE('',#4221,#1052);
#710=LINE('',#4223,#1053);
#711=LINE('',#4225,#1054);
#712=LINE('',#4227,#1055);
#713=LINE('',#4229,#1056);
#714=LINE('',#4230,#1057);
#715=LINE('',#4235,#1058);
#716=LINE('',#4241,#1059);
#717=LINE('',#4247,#1060);
#718=LINE('',#4253,#1061);
#719=LINE('',#4259,#1062);
#720=LINE('',#4263,#1063);
#721=LINE('',#4265,#1064);
#722=LINE('',#4266,#1065);
#723=LINE('',#4269,#1066);
#724=LINE('',#4271,#1067);
#725=LINE('',#4272,#1068);
#726=LINE('',#4275,#1069);
#727=LINE('',#4277,#1070);
#728=LINE('',#4278,#1071);
#729=LINE('',#4281,#1072);
#730=LINE('',#4283,#1073);
#731=LINE('',#4284,#1074);
#732=LINE('',#4287,#1075);
#733=LINE('',#4289,#1076);
#734=LINE('',#4290,#1077);
#735=LINE('',#4293,#1078);
#736=LINE('',#4295,#1079);
#737=LINE('',#4296,#1080);
#738=LINE('',#4300,#1081);
#739=LINE('',#4302,#1082);
#740=LINE('',#4304,#1083);
#741=LINE('',#4305,#1084);
#742=LINE('',#4308,#1085);
#743=LINE('',#4310,#1086);
#744=LINE('',#4311,#1087);
#745=LINE('',#4314,#1088);
#746=LINE('',#4316,#1089);
#747=LINE('',#4317,#1090);
#748=LINE('',#4319,#1091);
#749=LINE('',#4322,#1092);
#750=LINE('',#4323,#1093);
#751=LINE('',#4325,#1094);
#752=LINE('',#4326,#1095);
#753=LINE('',#4328,#1096);
#754=LINE('',#4329,#1097);
#755=LINE('',#4331,#1098);
#756=LINE('',#4332,#1099);
#757=LINE('',#4336,#1100);
#758=LINE('',#4338,#1101);
#759=LINE('',#4340,#1102);
#760=LINE('',#4341,#1103);
#761=LINE('',#4345,#1104);
#762=LINE('',#4347,#1105);
#763=LINE('',#4349,#1106);
#764=LINE('',#4350,#1107);
#765=LINE('',#4352,#1108);
#766=LINE('',#4353,#1109);
#767=LINE('',#4356,#1110);
#768=LINE('',#4358,#1111);
#769=LINE('',#4359,#1112);
#770=LINE('',#4364,#1113);
#771=LINE('',#4366,#1114);
#772=LINE('',#4367,#1115);
#773=LINE('',#4371,#1116);
#774=LINE('',#4373,#1117);
#775=LINE('',#4375,#1118);
#776=LINE('',#4376,#1119);
#777=LINE('',#4380,#1120);
#778=LINE('',#4382,#1121);
#779=LINE('',#4384,#1122);
#780=LINE('',#4385,#1123);
#781=LINE('',#4387,#1124);
#782=LINE('',#4388,#1125);
#783=LINE('',#4391,#1126);
#784=LINE('',#4393,#1127);
#785=LINE('',#4394,#1128);
#786=LINE('',#4399,#1129);
#787=LINE('',#4401,#1130);
#788=LINE('',#4402,#1131);
#789=LINE('',#4408,#1132);
#790=LINE('',#4410,#1133);
#791=LINE('',#4412,#1134);
#792=LINE('',#4413,#1135);
#793=LINE('',#4417,#1136);
#794=LINE('',#4419,#1137);
#795=LINE('',#4421,#1138);
#796=LINE('',#4422,#1139);
#797=LINE('',#4424,#1140);
#798=LINE('',#4425,#1141);
#799=LINE('',#4428,#1142);
#800=LINE('',#4430,#1143);
#801=LINE('',#4431,#1144);
#802=LINE('',#4436,#1145);
#803=LINE('',#4438,#1146);
#804=LINE('',#4439,#1147);
#805=LINE('',#4445,#1148);
#806=LINE('',#4450,#1149);
#807=LINE('',#4455,#1150);
#808=LINE('',#4460,#1151);
#809=LINE('',#4465,#1152);
#810=LINE('',#4469,#1153);
#811=LINE('',#4471,#1154);
#812=LINE('',#4472,#1155);
#813=LINE('',#4476,#1156);
#814=LINE('',#4478,#1157);
#815=LINE('',#4480,#1158);
#816=LINE('',#4481,#1159);
#817=LINE('',#4483,#1160);
#818=LINE('',#4484,#1161);
#819=LINE('',#4487,#1162);
#820=LINE('',#4489,#1163);
#821=LINE('',#4490,#1164);
#822=LINE('',#4493,#1165);
#823=LINE('',#4495,#1166);
#824=LINE('',#4496,#1167);
#825=LINE('',#4499,#1168);
#826=LINE('',#4501,#1169);
#827=LINE('',#4502,#1170);
#828=LINE('',#4504,#1171);
#829=LINE('',#4505,#1172);
#830=LINE('',#4508,#1173);
#831=LINE('',#4510,#1174);
#832=LINE('',#4511,#1175);
#833=LINE('',#4514,#1176);
#834=LINE('',#4516,#1177);
#835=LINE('',#4517,#1178);
#836=LINE('',#4519,#1179);
#837=LINE('',#4520,#1180);
#838=LINE('',#4522,#1181);
#839=LINE('',#4523,#1182);
#840=LINE('',#4524,#1183);
#841=LINE('',#4526,#1184);
#842=LINE('',#4530,#1185);
#843=LINE('',#4532,#1186);
#844=LINE('',#4534,#1187);
#845=LINE('',#4535,#1188);
#846=LINE('',#4537,#1189);
#847=LINE('',#4538,#1190);
#848=LINE('',#4540,#1191);
#849=LINE('',#4541,#1192);
#850=LINE('',#4548,#1193);
#851=LINE('',#4556,#1194);
#852=LINE('',#4564,#1195);
#853=LINE('',#4572,#1196);
#854=LINE('',#4580,#1197);
#855=LINE('',#4587,#1198);
#856=LINE('',#4589,#1199);
#857=LINE('',#4591,#1200);
#858=LINE('',#4592,#1201);
#859=LINE('',#4595,#1202);
#860=LINE('',#4597,#1203);
#861=LINE('',#4598,#1204);
#862=LINE('',#4601,#1205);
#863=LINE('',#4603,#1206);
#864=LINE('',#4604,#1207);
#865=LINE('',#4606,#1208);
#866=LINE('',#4607,#1209);
#867=LINE('',#4613,#1210);
#868=LINE('',#4615,#1211);
#869=LINE('',#4617,#1212);
#870=LINE('',#4618,#1213);
#871=LINE('',#4621,#1214);
#872=LINE('',#4623,#1215);
#873=LINE('',#4624,#1216);
#874=LINE('',#4627,#1217);
#875=LINE('',#4629,#1218);
#876=LINE('',#4630,#1219);
#877=LINE('',#4632,#1220);
#878=LINE('',#4633,#1221);
#879=LINE('',#4639,#1222);
#880=LINE('',#4641,#1223);
#881=LINE('',#4643,#1224);
#882=LINE('',#4644,#1225);
#883=LINE('',#4647,#1226);
#884=LINE('',#4649,#1227);
#885=LINE('',#4650,#1228);
#886=LINE('',#4653,#1229);
#887=LINE('',#4655,#1230);
#888=LINE('',#4656,#1231);
#889=LINE('',#4658,#1232);
#890=LINE('',#4659,#1233);
#891=LINE('',#4665,#1234);
#892=LINE('',#4667,#1235);
#893=LINE('',#4669,#1236);
#894=LINE('',#4670,#1237);
#895=LINE('',#4673,#1238);
#896=LINE('',#4675,#1239);
#897=LINE('',#4676,#1240);
#898=LINE('',#4679,#1241);
#899=LINE('',#4681,#1242);
#900=LINE('',#4682,#1243);
#901=LINE('',#4684,#1244);
#902=LINE('',#4685,#1245);
#903=LINE('',#4691,#1246);
#904=LINE('',#4693,#1247);
#905=LINE('',#4695,#1248);
#906=LINE('',#4696,#1249);
#907=LINE('',#4699,#1250);
#908=LINE('',#4701,#1251);
#909=LINE('',#4702,#1252);
#910=LINE('',#4705,#1253);
#911=LINE('',#4707,#1254);
#912=LINE('',#4708,#1255);
#913=LINE('',#4710,#1256);
#914=LINE('',#4711,#1257);
#915=LINE('',#4717,#1258);
#916=LINE('',#4719,#1259);
#917=LINE('',#4721,#1260);
#918=LINE('',#4722,#1261);
#919=LINE('',#4725,#1262);
#920=LINE('',#4727,#1263);
#921=LINE('',#4728,#1264);
#922=LINE('',#4731,#1265);
#923=LINE('',#4733,#1266);
#924=LINE('',#4734,#1267);
#925=LINE('',#4736,#1268);
#926=LINE('',#4737,#1269);
#927=VECTOR('',#3169,1.7);
#928=VECTOR('',#3178,1.7);
#929=VECTOR('',#3187,1.7);
#930=VECTOR('',#3196,1.7);
#931=VECTOR('',#3203,10.);
#932=VECTOR('',#3204,10.);
#933=VECTOR('',#3205,10.);
#934=VECTOR('',#3206,10.);
#935=VECTOR('',#3209,10.);
#936=VECTOR('',#3210,10.);
#937=VECTOR('',#3211,10.);
#938=VECTOR('',#3214,10.);
#939=VECTOR('',#3215,10.);
#940=VECTOR('',#3216,10.);
#941=VECTOR('',#3219,10.);
#942=VECTOR('',#3220,10.);
#943=VECTOR('',#3223,10.);
#944=VECTOR('',#3224,10.);
#945=VECTOR('',#3225,10.);
#946=VECTOR('',#3226,10.);
#947=VECTOR('',#3229,10.);
#948=VECTOR('',#3230,10.);
#949=VECTOR('',#3231,10.);
#950=VECTOR('',#3234,10.);
#951=VECTOR('',#3235,10.);
#952=VECTOR('',#3236,10.);
#953=VECTOR('',#3239,10.);
#954=VECTOR('',#3240,10.);
#955=VECTOR('',#3243,10.);
#956=VECTOR('',#3244,10.);
#957=VECTOR('',#3245,10.);
#958=VECTOR('',#3246,10.);
#959=VECTOR('',#3249,10.);
#960=VECTOR('',#3250,10.);
#961=VECTOR('',#3251,10.);
#962=VECTOR('',#3254,10.);
#963=VECTOR('',#3255,10.);
#964=VECTOR('',#3256,10.);
#965=VECTOR('',#3259,10.);
#966=VECTOR('',#3260,10.);
#967=VECTOR('',#3263,10.);
#968=VECTOR('',#3264,10.);
#969=VECTOR('',#3265,10.);
#970=VECTOR('',#3266,10.);
#971=VECTOR('',#3269,10.);
#972=VECTOR('',#3270,10.);
#973=VECTOR('',#3271,10.);
#974=VECTOR('',#3274,10.);
#975=VECTOR('',#3275,10.);
#976=VECTOR('',#3276,10.);
#977=VECTOR('',#3279,10.);
#978=VECTOR('',#3280,10.);
#979=VECTOR('',#3283,10.);
#980=VECTOR('',#3284,10.);
#981=VECTOR('',#3285,10.);
#982=VECTOR('',#3286,10.);
#983=VECTOR('',#3289,10.);
#984=VECTOR('',#3290,10.);
#985=VECTOR('',#3291,10.);
#986=VECTOR('',#3292,10.);
#987=VECTOR('',#3295,10.);
#988=VECTOR('',#3296,10.);
#989=VECTOR('',#3297,10.);
#990=VECTOR('',#3298,10.);
#991=VECTOR('',#3301,10.);
#992=VECTOR('',#3304,10.);
#993=VECTOR('',#3305,10.);
#994=VECTOR('',#3306,10.);
#995=VECTOR('',#3309,10.);
#996=VECTOR('',#3310,10.);
#997=VECTOR('',#3311,10.);
#998=VECTOR('',#3312,10.);
#999=VECTOR('',#3313,10.);
#1000=VECTOR('',#3314,10.);
#1001=VECTOR('',#3315,10.);
#1002=VECTOR('',#3316,10.);
#1003=VECTOR('',#3317,10.);
#1004=VECTOR('',#3318,10.);
#1005=VECTOR('',#3329,10.);
#1006=VECTOR('',#3330,10.);
#1007=VECTOR('',#3331,10.);
#1008=VECTOR('',#3332,10.);
#1009=VECTOR('',#3335,10.);
#1010=VECTOR('',#3336,10.);
#1011=VECTOR('',#3337,10.);
#1012=VECTOR('',#3340,10.);
#1013=VECTOR('',#3341,10.);
#1014=VECTOR('',#3342,10.);
#1015=VECTOR('',#3345,10.);
#1016=VECTOR('',#3348,10.);
#1017=VECTOR('',#3349,10.);
#1018=VECTOR('',#3352,10.);
#1019=VECTOR('',#3353,10.);
#1020=VECTOR('',#3356,10.);
#1021=VECTOR('',#3357,10.);
#1022=VECTOR('',#3360,10.);
#1023=VECTOR('',#3361,10.);
#1024=VECTOR('',#3364,10.);
#1025=VECTOR('',#3367,10.);
#1026=VECTOR('',#3368,10.);
#1027=VECTOR('',#3369,10.);
#1028=VECTOR('',#3372,10.);
#1029=VECTOR('',#3375,10.);
#1030=VECTOR('',#3380,1.5);
#1031=VECTOR('',#3385,1.5);
#1032=VECTOR('',#3390,1.5);
#1033=VECTOR('',#3395,1.5);
#1034=VECTOR('',#3398,10.);
#1035=VECTOR('',#3399,10.);
#1036=VECTOR('',#3400,10.);
#1037=VECTOR('',#3401,10.);
#1038=VECTOR('',#3404,10.);
#1039=VECTOR('',#3405,10.);
#1040=VECTOR('',#3406,10.);
#1041=VECTOR('',#3409,10.);
#1042=VECTOR('',#3410,10.);
#1043=VECTOR('',#3411,10.);
#1044=VECTOR('',#3414,10.);
#1045=VECTOR('',#3415,10.);
#1046=VECTOR('',#3420,10.);
#1047=VECTOR('',#3421,10.);
#1048=VECTOR('',#3422,10.);
#1049=VECTOR('',#3423,10.);
#1050=VECTOR('',#3424,10.);
#1051=VECTOR('',#3425,10.);
#1052=VECTOR('',#3428,10.);
#1053=VECTOR('',#3429,10.);
#1054=VECTOR('',#3430,10.);
#1055=VECTOR('',#3431,10.);
#1056=VECTOR('',#3432,10.);
#1057=VECTOR('',#3433,10.);
#1058=VECTOR('',#3438,2.5);
#1059=VECTOR('',#3445,1.25);
#1060=VECTOR('',#3452,1.25);
#1061=VECTOR('',#3459,1.25);
#1062=VECTOR('',#3466,3.59999999999999);
#1063=VECTOR('',#3471,10.);
#1064=VECTOR('',#3472,10.);
#1065=VECTOR('',#3473,10.);
#1066=VECTOR('',#3476,10.);
#1067=VECTOR('',#3477,10.);
#1068=VECTOR('',#3478,10.);
#1069=VECTOR('',#3481,10.);
#1070=VECTOR('',#3482,10.);
#1071=VECTOR('',#3483,10.);
#1072=VECTOR('',#3486,10.);
#1073=VECTOR('',#3487,10.);
#1074=VECTOR('',#3488,10.);
#1075=VECTOR('',#3491,10.);
#1076=VECTOR('',#3492,10.);
#1077=VECTOR('',#3493,10.);
#1078=VECTOR('',#3496,10.);
#1079=VECTOR('',#3497,10.);
#1080=VECTOR('',#3498,10.);
#1081=VECTOR('',#3501,10.);
#1082=VECTOR('',#3502,10.);
#1083=VECTOR('',#3503,10.);
#1084=VECTOR('',#3504,10.);
#1085=VECTOR('',#3507,10.);
#1086=VECTOR('',#3508,10.);
#1087=VECTOR('',#3509,10.);
#1088=VECTOR('',#3512,10.);
#1089=VECTOR('',#3513,10.);
#1090=VECTOR('',#3514,10.);
#1091=VECTOR('',#3517,10.);
#1092=VECTOR('',#3520,10.);
#1093=VECTOR('',#3521,10.);
#1094=VECTOR('',#3522,10.);
#1095=VECTOR('',#3523,10.);
#1096=VECTOR('',#3526,10.);
#1097=VECTOR('',#3527,10.);
#1098=VECTOR('',#3530,10.);
#1099=VECTOR('',#3531,10.);
#1100=VECTOR('',#3534,10.);
#1101=VECTOR('',#3535,10.);
#1102=VECTOR('',#3536,10.);
#1103=VECTOR('',#3537,10.);
#1104=VECTOR('',#3540,10.);
#1105=VECTOR('',#3541,10.);
#1106=VECTOR('',#3542,10.);
#1107=VECTOR('',#3543,10.);
#1108=VECTOR('',#3546,10.);
#1109=VECTOR('',#3547,10.);
#1110=VECTOR('',#3550,10.);
#1111=VECTOR('',#3551,10.);
#1112=VECTOR('',#3552,10.);
#1113=VECTOR('',#3557,10.);
#1114=VECTOR('',#3558,10.);
#1115=VECTOR('',#3559,10.);
#1116=VECTOR('',#3562,10.);
#1117=VECTOR('',#3563,10.);
#1118=VECTOR('',#3564,10.);
#1119=VECTOR('',#3565,10.);
#1120=VECTOR('',#3568,10.);
#1121=VECTOR('',#3569,10.);
#1122=VECTOR('',#3570,10.);
#1123=VECTOR('',#3571,10.);
#1124=VECTOR('',#3574,10.);
#1125=VECTOR('',#3575,10.);
#1126=VECTOR('',#3578,10.);
#1127=VECTOR('',#3579,10.);
#1128=VECTOR('',#3580,10.);
#1129=VECTOR('',#3585,10.);
#1130=VECTOR('',#3586,10.);
#1131=VECTOR('',#3587,10.);
#1132=VECTOR('',#3592,10.);
#1133=VECTOR('',#3593,10.);
#1134=VECTOR('',#3594,10.);
#1135=VECTOR('',#3595,10.);
#1136=VECTOR('',#3598,10.);
#1137=VECTOR('',#3599,10.);
#1138=VECTOR('',#3600,10.);
#1139=VECTOR('',#3601,10.);
#1140=VECTOR('',#3604,10.);
#1141=VECTOR('',#3605,10.);
#1142=VECTOR('',#3608,10.);
#1143=VECTOR('',#3609,10.);
#1144=VECTOR('',#3610,10.);
#1145=VECTOR('',#3615,10.);
#1146=VECTOR('',#3616,10.);
#1147=VECTOR('',#3617,10.);
#1148=VECTOR('',#3624,1.425);
#1149=VECTOR('',#3631,1.425);
#1150=VECTOR('',#3638,1.425);
#1151=VECTOR('',#3645,1.425);
#1152=VECTOR('',#3652,1.425);
#1153=VECTOR('',#3657,10.);
#1154=VECTOR('',#3658,10.);
#1155=VECTOR('',#3659,10.);
#1156=VECTOR('',#3662,10.);
#1157=VECTOR('',#3663,10.);
#1158=VECTOR('',#3664,10.);
#1159=VECTOR('',#3665,10.);
#1160=VECTOR('',#3668,10.);
#1161=VECTOR('',#3669,10.);
#1162=VECTOR('',#3672,10.);
#1163=VECTOR('',#3673,10.);
#1164=VECTOR('',#3674,10.);
#1165=VECTOR('',#3677,10.);
#1166=VECTOR('',#3678,10.);
#1167=VECTOR('',#3679,10.);
#1168=VECTOR('',#3682,10.);
#1169=VECTOR('',#3683,10.);
#1170=VECTOR('',#3684,10.);
#1171=VECTOR('',#3687,10.);
#1172=VECTOR('',#3688,10.);
#1173=VECTOR('',#3691,10.);
#1174=VECTOR('',#3692,10.);
#1175=VECTOR('',#3693,10.);
#1176=VECTOR('',#3696,10.);
#1177=VECTOR('',#3697,10.);
#1178=VECTOR('',#3698,10.);
#1179=VECTOR('',#3701,10.);
#1180=VECTOR('',#3702,10.);
#1181=VECTOR('',#3705,10.);
#1182=VECTOR('',#3706,10.);
#1183=VECTOR('',#3707,10.);
#1184=VECTOR('',#3710,10.);
#1185=VECTOR('',#3713,10.);
#1186=VECTOR('',#3714,10.);
#1187=VECTOR('',#3715,10.);
#1188=VECTOR('',#3716,10.);
#1189=VECTOR('',#3719,10.);
#1190=VECTOR('',#3720,10.);
#1191=VECTOR('',#3723,10.);
#1192=VECTOR('',#3724,10.);
#1193=VECTOR('',#3733,1.425);
#1194=VECTOR('',#3744,1.425);
#1195=VECTOR('',#3755,1.425);
#1196=VECTOR('',#3766,1.425);
#1197=VECTOR('',#3777,1.425);
#1198=VECTOR('',#3786,10.);
#1199=VECTOR('',#3787,10.);
#1200=VECTOR('',#3788,10.);
#1201=VECTOR('',#3789,10.);
#1202=VECTOR('',#3792,10.);
#1203=VECTOR('',#3793,10.);
#1204=VECTOR('',#3794,10.);
#1205=VECTOR('',#3797,10.);
#1206=VECTOR('',#3798,10.);
#1207=VECTOR('',#3799,10.);
#1208=VECTOR('',#3802,10.);
#1209=VECTOR('',#3803,10.);
#1210=VECTOR('',#3810,10.);
#1211=VECTOR('',#3811,10.);
#1212=VECTOR('',#3812,10.);
#1213=VECTOR('',#3813,10.);
#1214=VECTOR('',#3816,10.);
#1215=VECTOR('',#3817,10.);
#1216=VECTOR('',#3818,10.);
#1217=VECTOR('',#3821,10.);
#1218=VECTOR('',#3822,10.);
#1219=VECTOR('',#3823,10.);
#1220=VECTOR('',#3826,10.);
#1221=VECTOR('',#3827,10.);
#1222=VECTOR('',#3834,10.);
#1223=VECTOR('',#3835,10.);
#1224=VECTOR('',#3836,10.);
#1225=VECTOR('',#3837,10.);
#1226=VECTOR('',#3840,10.);
#1227=VECTOR('',#3841,10.);
#1228=VECTOR('',#3842,10.);
#1229=VECTOR('',#3845,10.);
#1230=VECTOR('',#3846,10.);
#1231=VECTOR('',#3847,10.);
#1232=VECTOR('',#3850,10.);
#1233=VECTOR('',#3851,10.);
#1234=VECTOR('',#3858,10.);
#1235=VECTOR('',#3859,10.);
#1236=VECTOR('',#3860,10.);
#1237=VECTOR('',#3861,10.);
#1238=VECTOR('',#3864,10.);
#1239=VECTOR('',#3865,10.);
#1240=VECTOR('',#3866,10.);
#1241=VECTOR('',#3869,10.);
#1242=VECTOR('',#3870,10.);
#1243=VECTOR('',#3871,10.);
#1244=VECTOR('',#3874,10.);
#1245=VECTOR('',#3875,10.);
#1246=VECTOR('',#3882,10.);
#1247=VECTOR('',#3883,10.);
#1248=VECTOR('',#3884,10.);
#1249=VECTOR('',#3885,10.);
#1250=VECTOR('',#3888,10.);
#1251=VECTOR('',#3889,10.);
#1252=VECTOR('',#3890,10.);
#1253=VECTOR('',#3893,10.);
#1254=VECTOR('',#3894,10.);
#1255=VECTOR('',#3895,10.);
#1256=VECTOR('',#3898,10.);
#1257=VECTOR('',#3899,10.);
#1258=VECTOR('',#3906,10.);
#1259=VECTOR('',#3907,10.);
#1260=VECTOR('',#3908,10.);
#1261=VECTOR('',#3909,10.);
#1262=VECTOR('',#3912,10.);
#1263=VECTOR('',#3913,10.);
#1264=VECTOR('',#3914,10.);
#1265=VECTOR('',#3917,10.);
#1266=VECTOR('',#3918,10.);
#1267=VECTOR('',#3919,10.);
#1268=VECTOR('',#3922,10.);
#1269=VECTOR('',#3923,10.);
#1270=CIRCLE('',#2954,1.7);
#1271=CIRCLE('',#2955,1.7);
#1272=CIRCLE('',#2958,1.7);
#1273=CIRCLE('',#2959,1.7);
#1274=CIRCLE('',#2962,1.7);
#1275=CIRCLE('',#2963,1.7);
#1276=CIRCLE('',#2966,1.7);
#1277=CIRCLE('',#2967,1.7);
#1278=CIRCLE('',#2991,1.5);
#1279=CIRCLE('',#2992,1.5);
#1280=CIRCLE('',#2993,1.5);
#1281=CIRCLE('',#2994,1.5);
#1282=CIRCLE('',#3008,1.5);
#1283=CIRCLE('',#3010,1.5);
#1284=CIRCLE('',#3012,1.5);
#1285=CIRCLE('',#3014,1.5);
#1286=CIRCLE('',#3023,2.5);
#1287=CIRCLE('',#3024,2.5);
#1288=CIRCLE('',#3026,1.25);
#1289=CIRCLE('',#3027,1.25);
#1290=CIRCLE('',#3029,1.25);
#1291=CIRCLE('',#3030,1.25);
#1292=CIRCLE('',#3032,1.25);
#1293=CIRCLE('',#3033,1.25);
#1294=CIRCLE('',#3035,3.59999999999999);
#1295=CIRCLE('',#3036,3.59999999999999);
#1296=CIRCLE('',#3054,1.425);
#1297=CIRCLE('',#3060,1.425);
#1298=CIRCLE('',#3062,1.425);
#1299=CIRCLE('',#3067,1.425);
#1300=CIRCLE('',#3069,1.425);
#1301=CIRCLE('',#3071,1.425);
#1302=CIRCLE('',#3074,1.425);
#1303=CIRCLE('',#3077,1.425);
#1304=CIRCLE('',#3080,1.425);
#1305=CIRCLE('',#3083,1.425);
#1306=CIRCLE('',#3103,1.425);
#1307=CIRCLE('',#3104,1.425);
#1308=CIRCLE('',#3108,1.425);
#1309=CIRCLE('',#3109,1.425);
#1310=CIRCLE('',#3113,1.425);
#1311=CIRCLE('',#3114,1.425);
#1312=CIRCLE('',#3118,1.425);
#1313=CIRCLE('',#3119,1.425);
#1314=CIRCLE('',#3123,1.425);
#1315=CIRCLE('',#3124,1.425);
#1316=VERTEX_POINT('',#3930);
#1317=VERTEX_POINT('',#3932);
#1318=VERTEX_POINT('',#3937);
#1319=VERTEX_POINT('',#3939);
#1320=VERTEX_POINT('',#3944);
#1321=VERTEX_POINT('',#3946);
#1322=VERTEX_POINT('',#3951);
#1323=VERTEX_POINT('',#3953);
#1324=VERTEX_POINT('',#3958);
#1325=VERTEX_POINT('',#3959);
#1326=VERTEX_POINT('',#3961);
#1327=VERTEX_POINT('',#3963);
#1328=VERTEX_POINT('',#3967);
#1329=VERTEX_POINT('',#3969);
#1330=VERTEX_POINT('',#3973);
#1331=VERTEX_POINT('',#3975);
#1332=VERTEX_POINT('',#3982);
#1333=VERTEX_POINT('',#3983);
#1334=VERTEX_POINT('',#3985);
#1335=VERTEX_POINT('',#3987);
#1336=VERTEX_POINT('',#3991);
#1337=VERTEX_POINT('',#3993);
#1338=VERTEX_POINT('',#3997);
#1339=VERTEX_POINT('',#3999);
#1340=VERTEX_POINT('',#4006);
#1341=VERTEX_POINT('',#4007);
#1342=VERTEX_POINT('',#4009);
#1343=VERTEX_POINT('',#4011);
#1344=VERTEX_POINT('',#4015);
#1345=VERTEX_POINT('',#4017);
#1346=VERTEX_POINT('',#4021);
#1347=VERTEX_POINT('',#4023);
#1348=VERTEX_POINT('',#4030);
#1349=VERTEX_POINT('',#4031);
#1350=VERTEX_POINT('',#4033);
#1351=VERTEX_POINT('',#4035);
#1352=VERTEX_POINT('',#4039);
#1353=VERTEX_POINT('',#4041);
#1354=VERTEX_POINT('',#4045);
#1355=VERTEX_POINT('',#4047);
#1356=VERTEX_POINT('',#4054);
#1357=VERTEX_POINT('',#4055);
#1358=VERTEX_POINT('',#4057);
#1359=VERTEX_POINT('',#4059);
#1360=VERTEX_POINT('',#4063);
#1361=VERTEX_POINT('',#4064);
#1362=VERTEX_POINT('',#4066);
#1363=VERTEX_POINT('',#4068);
#1364=VERTEX_POINT('',#4072);
#1365=VERTEX_POINT('',#4073);
#1366=VERTEX_POINT('',#4081);
#1367=VERTEX_POINT('',#4083);
#1368=VERTEX_POINT('',#4087);
#1369=VERTEX_POINT('',#4089);
#1370=VERTEX_POINT('',#4091);
#1371=VERTEX_POINT('',#4093);
#1372=VERTEX_POINT('',#4095);
#1373=VERTEX_POINT('',#4097);
#1374=VERTEX_POINT('',#4099);
#1375=VERTEX_POINT('',#4101);
#1376=VERTEX_POINT('',#4103);
#1377=VERTEX_POINT('',#4106);
#1378=VERTEX_POINT('',#4108);
#1379=VERTEX_POINT('',#4110);
#1380=VERTEX_POINT('',#4112);
#1381=VERTEX_POINT('',#4115);
#1382=VERTEX_POINT('',#4116);
#1383=VERTEX_POINT('',#4118);
#1384=VERTEX_POINT('',#4120);
#1385=VERTEX_POINT('',#4125);
#1386=VERTEX_POINT('',#4129);
#1387=VERTEX_POINT('',#4131);
#1388=VERTEX_POINT('',#4137);
#1389=VERTEX_POINT('',#4141);
#1390=VERTEX_POINT('',#4145);
#1391=VERTEX_POINT('',#4149);
#1392=VERTEX_POINT('',#4155);
#1393=VERTEX_POINT('',#4157);
#1394=VERTEX_POINT('',#4165);
#1395=VERTEX_POINT('',#4169);
#1396=VERTEX_POINT('',#4173);
#1397=VERTEX_POINT('',#4177);
#1398=VERTEX_POINT('',#4181);
#1399=VERTEX_POINT('',#4182);
#1400=VERTEX_POINT('',#4184);
#1401=VERTEX_POINT('',#4186);
#1402=VERTEX_POINT('',#4190);
#1403=VERTEX_POINT('',#4192);
#1404=VERTEX_POINT('',#4196);
#1405=VERTEX_POINT('',#4198);
#1406=VERTEX_POINT('',#4206);
#1407=VERTEX_POINT('',#4207);
#1408=VERTEX_POINT('',#4209);
#1409=VERTEX_POINT('',#4211);
#1410=VERTEX_POINT('',#4213);
#1411=VERTEX_POINT('',#4215);
#1412=VERTEX_POINT('',#4219);
#1413=VERTEX_POINT('',#4220);
#1414=VERTEX_POINT('',#4222);
#1415=VERTEX_POINT('',#4224);
#1416=VERTEX_POINT('',#4226);
#1417=VERTEX_POINT('',#4228);
#1418=VERTEX_POINT('',#4232);
#1419=VERTEX_POINT('',#4234);
#1420=VERTEX_POINT('',#4238);
#1421=VERTEX_POINT('',#4240);
#1422=VERTEX_POINT('',#4244);
#1423=VERTEX_POINT('',#4246);
#1424=VERTEX_POINT('',#4250);
#1425=VERTEX_POINT('',#4252);
#1426=VERTEX_POINT('',#4256);
#1427=VERTEX_POINT('',#4258);
#1428=VERTEX_POINT('',#4262);
#1429=VERTEX_POINT('',#4264);
#1430=VERTEX_POINT('',#4268);
#1431=VERTEX_POINT('',#4270);
#1432=VERTEX_POINT('',#4274);
#1433=VERTEX_POINT('',#4276);
#1434=VERTEX_POINT('',#4280);
#1435=VERTEX_POINT('',#4282);
#1436=VERTEX_POINT('',#4286);
#1437=VERTEX_POINT('',#4288);
#1438=VERTEX_POINT('',#4292);
#1439=VERTEX_POINT('',#4294);
#1440=VERTEX_POINT('',#4298);
#1441=VERTEX_POINT('',#4299);
#1442=VERTEX_POINT('',#4301);
#1443=VERTEX_POINT('',#4303);
#1444=VERTEX_POINT('',#4307);
#1445=VERTEX_POINT('',#4309);
#1446=VERTEX_POINT('',#4313);
#1447=VERTEX_POINT('',#4315);
#1448=VERTEX_POINT('',#4321);
#1449=VERTEX_POINT('',#4324);
#1450=VERTEX_POINT('',#4334);
#1451=VERTEX_POINT('',#4335);
#1452=VERTEX_POINT('',#4337);
#1453=VERTEX_POINT('',#4339);
#1454=VERTEX_POINT('',#4343);
#1455=VERTEX_POINT('',#4344);
#1456=VERTEX_POINT('',#4346);
#1457=VERTEX_POINT('',#4348);
#1458=VERTEX_POINT('',#4355);
#1459=VERTEX_POINT('',#4357);
#1460=VERTEX_POINT('',#4360);
#1461=VERTEX_POINT('',#4363);
#1462=VERTEX_POINT('',#4365);
#1463=VERTEX_POINT('',#4369);
#1464=VERTEX_POINT('',#4370);
#1465=VERTEX_POINT('',#4372);
#1466=VERTEX_POINT('',#4374);
#1467=VERTEX_POINT('',#4378);
#1468=VERTEX_POINT('',#4379);
#1469=VERTEX_POINT('',#4381);
#1470=VERTEX_POINT('',#4383);
#1471=VERTEX_POINT('',#4390);
#1472=VERTEX_POINT('',#4392);
#1473=VERTEX_POINT('',#4395);
#1474=VERTEX_POINT('',#4398);
#1475=VERTEX_POINT('',#4400);
#1476=VERTEX_POINT('',#4403);
#1477=VERTEX_POINT('',#4406);
#1478=VERTEX_POINT('',#4407);
#1479=VERTEX_POINT('',#4409);
#1480=VERTEX_POINT('',#4411);
#1481=VERTEX_POINT('',#4415);
#1482=VERTEX_POINT('',#4416);
#1483=VERTEX_POINT('',#4418);
#1484=VERTEX_POINT('',#4420);
#1485=VERTEX_POINT('',#4427);
#1486=VERTEX_POINT('',#4429);
#1487=VERTEX_POINT('',#4432);
#1488=VERTEX_POINT('',#4435);
#1489=VERTEX_POINT('',#4437);
#1490=VERTEX_POINT('',#4440);
#1491=VERTEX_POINT('',#4443);
#1492=VERTEX_POINT('',#4448);
#1493=VERTEX_POINT('',#4453);
#1494=VERTEX_POINT('',#4458);
#1495=VERTEX_POINT('',#4463);
#1496=VERTEX_POINT('',#4468);
#1497=VERTEX_POINT('',#4470);
#1498=VERTEX_POINT('',#4474);
#1499=VERTEX_POINT('',#4475);
#1500=VERTEX_POINT('',#4477);
#1501=VERTEX_POINT('',#4479);
#1502=VERTEX_POINT('',#4486);
#1503=VERTEX_POINT('',#4488);
#1504=VERTEX_POINT('',#4492);
#1505=VERTEX_POINT('',#4494);
#1506=VERTEX_POINT('',#4498);
#1507=VERTEX_POINT('',#4500);
#1508=VERTEX_POINT('',#4507);
#1509=VERTEX_POINT('',#4509);
#1510=VERTEX_POINT('',#4513);
#1511=VERTEX_POINT('',#4515);
#1512=VERTEX_POINT('',#4528);
#1513=VERTEX_POINT('',#4529);
#1514=VERTEX_POINT('',#4531);
#1515=VERTEX_POINT('',#4533);
#1516=VERTEX_POINT('',#4545);
#1517=VERTEX_POINT('',#4547);
#1518=VERTEX_POINT('',#4553);
#1519=VERTEX_POINT('',#4555);
#1520=VERTEX_POINT('',#4561);
#1521=VERTEX_POINT('',#4563);
#1522=VERTEX_POINT('',#4569);
#1523=VERTEX_POINT('',#4571);
#1524=VERTEX_POINT('',#4577);
#1525=VERTEX_POINT('',#4579);
#1526=VERTEX_POINT('',#4585);
#1527=VERTEX_POINT('',#4586);
#1528=VERTEX_POINT('',#4588);
#1529=VERTEX_POINT('',#4590);
#1530=VERTEX_POINT('',#4594);
#1531=VERTEX_POINT('',#4596);
#1532=VERTEX_POINT('',#4600);
#1533=VERTEX_POINT('',#4602);
#1534=VERTEX_POINT('',#4611);
#1535=VERTEX_POINT('',#4612);
#1536=VERTEX_POINT('',#4614);
#1537=VERTEX_POINT('',#4616);
#1538=VERTEX_POINT('',#4620);
#1539=VERTEX_POINT('',#4622);
#1540=VERTEX_POINT('',#4626);
#1541=VERTEX_POINT('',#4628);
#1542=VERTEX_POINT('',#4637);
#1543=VERTEX_POINT('',#4638);
#1544=VERTEX_POINT('',#4640);
#1545=VERTEX_POINT('',#4642);
#1546=VERTEX_POINT('',#4646);
#1547=VERTEX_POINT('',#4648);
#1548=VERTEX_POINT('',#4652);
#1549=VERTEX_POINT('',#4654);
#1550=VERTEX_POINT('',#4663);
#1551=VERTEX_POINT('',#4664);
#1552=VERTEX_POINT('',#4666);
#1553=VERTEX_POINT('',#4668);
#1554=VERTEX_POINT('',#4672);
#1555=VERTEX_POINT('',#4674);
#1556=VERTEX_POINT('',#4678);
#1557=VERTEX_POINT('',#4680);
#1558=VERTEX_POINT('',#4689);
#1559=VERTEX_POINT('',#4690);
#1560=VERTEX_POINT('',#4692);
#1561=VERTEX_POINT('',#4694);
#1562=VERTEX_POINT('',#4698);
#1563=VERTEX_POINT('',#4700);
#1564=VERTEX_POINT('',#4704);
#1565=VERTEX_POINT('',#4706);
#1566=VERTEX_POINT('',#4715);
#1567=VERTEX_POINT('',#4716);
#1568=VERTEX_POINT('',#4718);
#1569=VERTEX_POINT('',#4720);
#1570=VERTEX_POINT('',#4724);
#1571=VERTEX_POINT('',#4726);
#1572=VERTEX_POINT('',#4730);
#1573=VERTEX_POINT('',#4732);
#1574=EDGE_CURVE('',#1316,#1316,#1270,.T.);
#1575=EDGE_CURVE('',#1316,#1317,#584,.T.);
#1576=EDGE_CURVE('',#1317,#1317,#1271,.T.);
#1577=EDGE_CURVE('',#1318,#1318,#1272,.T.);
#1578=EDGE_CURVE('',#1318,#1319,#585,.T.);
#1579=EDGE_CURVE('',#1319,#1319,#1273,.T.);
#1580=EDGE_CURVE('',#1320,#1320,#1274,.T.);
#1581=EDGE_CURVE('',#1320,#1321,#586,.T.);
#1582=EDGE_CURVE('',#1321,#1321,#1275,.T.);
#1583=EDGE_CURVE('',#1322,#1322,#1276,.T.);
#1584=EDGE_CURVE('',#1322,#1323,#587,.T.);
#1585=EDGE_CURVE('',#1323,#1323,#1277,.T.);
#1586=EDGE_CURVE('',#1324,#1325,#588,.T.);
#1587=EDGE_CURVE('',#1324,#1326,#589,.T.);
#1588=EDGE_CURVE('',#1327,#1326,#590,.T.);
#1589=EDGE_CURVE('',#1325,#1327,#591,.T.);
#1590=EDGE_CURVE('',#1328,#1324,#592,.T.);
#1591=EDGE_CURVE('',#1328,#1329,#593,.T.);
#1592=EDGE_CURVE('',#1326,#1329,#594,.T.);
#1593=EDGE_CURVE('',#1330,#1328,#595,.T.);
#1594=EDGE_CURVE('',#1330,#1331,#596,.T.);
#1595=EDGE_CURVE('',#1329,#1331,#597,.T.);
#1596=EDGE_CURVE('',#1325,#1330,#598,.T.);
#1597=EDGE_CURVE('',#1331,#1327,#599,.T.);
#1598=EDGE_CURVE('',#1332,#1333,#600,.T.);
#1599=EDGE_CURVE('',#1332,#1334,#601,.T.);
#1600=EDGE_CURVE('',#1335,#1334,#602,.T.);
#1601=EDGE_CURVE('',#1333,#1335,#603,.T.);
#1602=EDGE_CURVE('',#1336,#1332,#604,.T.);
#1603=EDGE_CURVE('',#1336,#1337,#605,.T.);
#1604=EDGE_CURVE('',#1334,#1337,#606,.T.);
#1605=EDGE_CURVE('',#1338,#1336,#607,.T.);
#1606=EDGE_CURVE('',#1338,#1339,#608,.T.);
#1607=EDGE_CURVE('',#1337,#1339,#609,.T.);
#1608=EDGE_CURVE('',#1333,#1338,#610,.T.);
#1609=EDGE_CURVE('',#1339,#1335,#611,.T.);
#1610=EDGE_CURVE('',#1340,#1341,#612,.T.);
#1611=EDGE_CURVE('',#1340,#1342,#613,.T.);
#1612=EDGE_CURVE('',#1343,#1342,#614,.T.);
#1613=EDGE_CURVE('',#1341,#1343,#615,.T.);
#1614=EDGE_CURVE('',#1344,#1340,#616,.T.);
#1615=EDGE_CURVE('',#1344,#1345,#617,.T.);
#1616=EDGE_CURVE('',#1342,#1345,#618,.T.);
#1617=EDGE_CURVE('',#1346,#1344,#619,.T.);
#1618=EDGE_CURVE('',#1346,#1347,#620,.T.);
#1619=EDGE_CURVE('',#1345,#1347,#621,.T.);
#1620=EDGE_CURVE('',#1341,#1346,#622,.T.);
#1621=EDGE_CURVE('',#1347,#1343,#623,.T.);
#1622=EDGE_CURVE('',#1348,#1349,#624,.T.);
#1623=EDGE_CURVE('',#1348,#1350,#625,.T.);
#1624=EDGE_CURVE('',#1351,#1350,#626,.T.);
#1625=EDGE_CURVE('',#1349,#1351,#627,.T.);
#1626=EDGE_CURVE('',#1352,#1348,#628,.T.);
#1627=EDGE_CURVE('',#1352,#1353,#629,.T.);
#1628=EDGE_CURVE('',#1350,#1353,#630,.T.);
#1629=EDGE_CURVE('',#1354,#1352,#631,.T.);
#1630=EDGE_CURVE('',#1354,#1355,#632,.T.);
#1631=EDGE_CURVE('',#1353,#1355,#633,.T.);
#1632=EDGE_CURVE('',#1349,#1354,#634,.T.);
#1633=EDGE_CURVE('',#1355,#1351,#635,.T.);
#1634=EDGE_CURVE('',#1356,#1357,#636,.T.);
#1635=EDGE_CURVE('',#1356,#1358,#637,.T.);
#1636=EDGE_CURVE('',#1359,#1358,#638,.T.);
#1637=EDGE_CURVE('',#1357,#1359,#639,.T.);
#1638=EDGE_CURVE('',#1360,#1361,#640,.T.);
#1639=EDGE_CURVE('',#1360,#1362,#641,.T.);
#1640=EDGE_CURVE('',#1363,#1362,#642,.T.);
#1641=EDGE_CURVE('',#1361,#1363,#643,.T.);
#1642=EDGE_CURVE('',#1364,#1365,#644,.T.);
#1643=EDGE_CURVE('',#1361,#1364,#645,.T.);
#1644=EDGE_CURVE('',#1358,#1363,#646,.T.);
#1645=EDGE_CURVE('',#1365,#1356,#647,.T.);
#1646=EDGE_CURVE('',#1362,#1359,#648,.T.);
#1647=EDGE_CURVE('',#1364,#1366,#649,.T.);
#1648=EDGE_CURVE('',#1366,#1367,#650,.T.);
#1649=EDGE_CURVE('',#1361,#1367,#651,.T.);
#1650=EDGE_CURVE('',#1365,#1368,#652,.T.);
#1651=EDGE_CURVE('',#1368,#1369,#653,.T.);
#1652=EDGE_CURVE('',#1369,#1370,#654,.T.);
#1653=EDGE_CURVE('',#1370,#1371,#655,.T.);
#1654=EDGE_CURVE('',#1372,#1371,#656,.T.);
#1655=EDGE_CURVE('',#1372,#1373,#657,.T.);
#1656=EDGE_CURVE('',#1373,#1374,#658,.T.);
#1657=EDGE_CURVE('',#1374,#1375,#659,.T.);
#1658=EDGE_CURVE('',#1375,#1376,#660,.T.);
#1659=EDGE_CURVE('',#1376,#1366,#661,.T.);
#1660=EDGE_CURVE('',#1377,#1377,#1278,.T.);
#1661=EDGE_CURVE('',#1378,#1378,#1279,.T.);
#1662=EDGE_CURVE('',#1379,#1379,#1280,.T.);
#1663=EDGE_CURVE('',#1380,#1380,#1281,.T.);
#1664=EDGE_CURVE('',#1381,#1382,#662,.T.);
#1665=EDGE_CURVE('',#1381,#1383,#663,.T.);
#1666=EDGE_CURVE('',#1384,#1383,#664,.T.);
#1667=EDGE_CURVE('',#1382,#1384,#665,.T.);
#1668=EDGE_CURVE('',#1382,#1376,#666,.T.);
#1669=EDGE_CURVE('',#1385,#1384,#667,.T.);
#1670=EDGE_CURVE('',#1367,#1385,#668,.T.);
#1671=EDGE_CURVE('',#1367,#1386,#669,.T.);
#1672=EDGE_CURVE('',#1387,#1385,#670,.T.);
#1673=EDGE_CURVE('',#1386,#1387,#671,.T.);
#1674=EDGE_CURVE('',#1383,#1387,#672,.T.);
#1675=EDGE_CURVE('',#1375,#1388,#673,.T.);
#1676=EDGE_CURVE('',#1382,#1388,#674,.T.);
#1677=EDGE_CURVE('',#1389,#1356,#675,.T.);
#1678=EDGE_CURVE('',#1368,#1389,#676,.T.);
#1679=EDGE_CURVE('',#1390,#1389,#677,.T.);
#1680=EDGE_CURVE('',#1369,#1390,#678,.T.);
#1681=EDGE_CURVE('',#1391,#1390,#679,.T.);
#1682=EDGE_CURVE('',#1370,#1391,#680,.T.);
#1683=EDGE_CURVE('',#1357,#1391,#681,.T.);
#1684=EDGE_CURVE('',#1373,#1392,#682,.T.);
#1685=EDGE_CURVE('',#1393,#1392,#683,.T.);
#1686=EDGE_CURVE('',#1374,#1393,#684,.T.);
#1687=EDGE_CURVE('',#1388,#1393,#685,.T.);
#1688=EDGE_CURVE('',#1392,#1381,#686,.T.);
#1689=EDGE_CURVE('',#1394,#1394,#1282,.T.);
#1690=EDGE_CURVE('',#1394,#1380,#687,.T.);
#1691=EDGE_CURVE('',#1395,#1395,#1283,.T.);
#1692=EDGE_CURVE('',#1395,#1379,#688,.T.);
#1693=EDGE_CURVE('',#1396,#1396,#1284,.T.);
#1694=EDGE_CURVE('',#1396,#1378,#689,.T.);
#1695=EDGE_CURVE('',#1397,#1397,#1285,.T.);
#1696=EDGE_CURVE('',#1397,#1377,#690,.T.);
#1697=EDGE_CURVE('',#1398,#1399,#691,.T.);
#1698=EDGE_CURVE('',#1398,#1400,#692,.T.);
#1699=EDGE_CURVE('',#1400,#1401,#693,.T.);
#1700=EDGE_CURVE('',#1399,#1401,#694,.T.);
#1701=EDGE_CURVE('',#1402,#1398,#695,.T.);
#1702=EDGE_CURVE('',#1402,#1403,#696,.T.);
#1703=EDGE_CURVE('',#1403,#1400,#697,.T.);
#1704=EDGE_CURVE('',#1404,#1402,#698,.T.);
#1705=EDGE_CURVE('',#1404,#1405,#699,.T.);
#1706=EDGE_CURVE('',#1405,#1403,#700,.T.);
#1707=EDGE_CURVE('',#1399,#1404,#701,.T.);
#1708=EDGE_CURVE('',#1401,#1405,#702,.T.);
#1709=EDGE_CURVE('',#1406,#1407,#703,.T.);
#1710=EDGE_CURVE('',#1408,#1407,#704,.T.);
#1711=EDGE_CURVE('',#1409,#1408,#705,.T.);
#1712=EDGE_CURVE('',#1410,#1409,#706,.T.);
#1713=EDGE_CURVE('',#1411,#1410,#707,.T.);
#1714=EDGE_CURVE('',#1411,#1406,#708,.T.);
#1715=EDGE_CURVE('',#1412,#1413,#709,.T.);
#1716=EDGE_CURVE('',#1414,#1413,#710,.T.);
#1717=EDGE_CURVE('',#1415,#1414,#711,.T.);
#1718=EDGE_CURVE('',#1415,#1416,#712,.T.);
#1719=EDGE_CURVE('',#1417,#1416,#713,.T.);
#1720=EDGE_CURVE('',#1412,#1417,#714,.T.);
#1721=EDGE_CURVE('',#1418,#1418,#1286,.T.);
#1722=EDGE_CURVE('',#1418,#1419,#715,.T.);
#1723=EDGE_CURVE('',#1419,#1419,#1287,.T.);
#1724=EDGE_CURVE('',#1420,#1420,#1288,.T.);
#1725=EDGE_CURVE('',#1420,#1421,#716,.T.);
#1726=EDGE_CURVE('',#1421,#1421,#1289,.T.);
#1727=EDGE_CURVE('',#1422,#1422,#1290,.T.);
#1728=EDGE_CURVE('',#1422,#1423,#717,.T.);
#1729=EDGE_CURVE('',#1423,#1423,#1291,.T.);
#1730=EDGE_CURVE('',#1424,#1424,#1292,.T.);
#1731=EDGE_CURVE('',#1424,#1425,#718,.T.);
#1732=EDGE_CURVE('',#1425,#1425,#1293,.T.);
#1733=EDGE_CURVE('',#1426,#1426,#1294,.T.);
#1734=EDGE_CURVE('',#1426,#1427,#719,.T.);
#1735=EDGE_CURVE('',#1427,#1427,#1295,.T.);
#1736=EDGE_CURVE('',#1416,#1428,#720,.T.);
#1737=EDGE_CURVE('',#1429,#1415,#721,.T.);
#1738=EDGE_CURVE('',#1429,#1428,#722,.T.);
#1739=EDGE_CURVE('',#1428,#1430,#723,.T.);
#1740=EDGE_CURVE('',#1431,#1429,#724,.T.);
#1741=EDGE_CURVE('',#1431,#1430,#725,.T.);
#1742=EDGE_CURVE('',#1432,#1430,#726,.T.);
#1743=EDGE_CURVE('',#1433,#1432,#727,.T.);
#1744=EDGE_CURVE('',#1433,#1417,#728,.T.);
#1745=EDGE_CURVE('',#1410,#1434,#729,.T.);
#1746=EDGE_CURVE('',#1435,#1409,#730,.T.);
#1747=EDGE_CURVE('',#1434,#1435,#731,.T.);
#1748=EDGE_CURVE('',#1434,#1436,#732,.T.);
#1749=EDGE_CURVE('',#1437,#1435,#733,.T.);
#1750=EDGE_CURVE('',#1436,#1437,#734,.T.);
#1751=EDGE_CURVE('',#1438,#1408,#735,.T.);
#1752=EDGE_CURVE('',#1439,#1438,#736,.T.);
#1753=EDGE_CURVE('',#1439,#1437,#737,.T.);
#1754=EDGE_CURVE('',#1440,#1441,#738,.T.);
#1755=EDGE_CURVE('',#1440,#1442,#739,.T.);
#1756=EDGE_CURVE('',#1442,#1443,#740,.T.);
#1757=EDGE_CURVE('',#1441,#1443,#741,.T.);
#1758=EDGE_CURVE('',#1444,#1440,#742,.T.);
#1759=EDGE_CURVE('',#1444,#1445,#743,.T.);
#1760=EDGE_CURVE('',#1445,#1442,#744,.T.);
#1761=EDGE_CURVE('',#1446,#1444,#745,.T.);
#1762=EDGE_CURVE('',#1446,#1447,#746,.T.);
#1763=EDGE_CURVE('',#1447,#1445,#747,.T.);
#1764=EDGE_CURVE('',#1443,#1447,#748,.T.);
#1765=EDGE_CURVE('',#1448,#1441,#749,.T.);
#1766=EDGE_CURVE('',#1448,#1360,#750,.T.);
#1767=EDGE_CURVE('',#1386,#1449,#751,.T.);
#1768=EDGE_CURVE('',#1446,#1449,#752,.T.);
#1769=EDGE_CURVE('',#1371,#1412,#753,.T.);
#1770=EDGE_CURVE('',#1413,#1448,#754,.T.);
#1771=EDGE_CURVE('',#1449,#1406,#755,.T.);
#1772=EDGE_CURVE('',#1407,#1372,#756,.T.);
#1773=EDGE_CURVE('',#1450,#1451,#757,.T.);
#1774=EDGE_CURVE('',#1450,#1452,#758,.T.);
#1775=EDGE_CURVE('',#1453,#1452,#759,.T.);
#1776=EDGE_CURVE('',#1451,#1453,#760,.T.);
#1777=EDGE_CURVE('',#1454,#1455,#761,.T.);
#1778=EDGE_CURVE('',#1454,#1456,#762,.T.);
#1779=EDGE_CURVE('',#1457,#1456,#763,.T.);
#1780=EDGE_CURVE('',#1455,#1457,#764,.T.);
#1781=EDGE_CURVE('',#1456,#1453,#765,.T.);
#1782=EDGE_CURVE('',#1452,#1457,#766,.T.);
#1783=EDGE_CURVE('',#1458,#1451,#767,.T.);
#1784=EDGE_CURVE('',#1458,#1459,#768,.T.);
#1785=EDGE_CURVE('',#1459,#1450,#769,.T.);
#1786=EDGE_CURVE('',#1460,#1460,#1296,.T.);
#1787=EDGE_CURVE('',#1455,#1461,#770,.T.);
#1788=EDGE_CURVE('',#1461,#1462,#771,.T.);
#1789=EDGE_CURVE('',#1454,#1462,#772,.T.);
#1790=EDGE_CURVE('',#1463,#1464,#773,.T.);
#1791=EDGE_CURVE('',#1463,#1465,#774,.T.);
#1792=EDGE_CURVE('',#1466,#1465,#775,.T.);
#1793=EDGE_CURVE('',#1464,#1466,#776,.T.);
#1794=EDGE_CURVE('',#1467,#1468,#777,.T.);
#1795=EDGE_CURVE('',#1467,#1469,#778,.T.);
#1796=EDGE_CURVE('',#1470,#1469,#779,.T.);
#1797=EDGE_CURVE('',#1468,#1470,#780,.T.);
#1798=EDGE_CURVE('',#1465,#1470,#781,.T.);
#1799=EDGE_CURVE('',#1469,#1466,#782,.T.);
#1800=EDGE_CURVE('',#1471,#1464,#783,.T.);
#1801=EDGE_CURVE('',#1471,#1472,#784,.T.);
#1802=EDGE_CURVE('',#1472,#1463,#785,.T.);
#1803=EDGE_CURVE('',#1473,#1473,#1297,.T.);
#1804=EDGE_CURVE('',#1468,#1474,#786,.T.);
#1805=EDGE_CURVE('',#1474,#1475,#787,.T.);
#1806=EDGE_CURVE('',#1467,#1475,#788,.T.);
#1807=EDGE_CURVE('',#1476,#1476,#1298,.T.);
#1808=EDGE_CURVE('',#1477,#1478,#789,.T.);
#1809=EDGE_CURVE('',#1477,#1479,#790,.T.);
#1810=EDGE_CURVE('',#1480,#1479,#791,.T.);
#1811=EDGE_CURVE('',#1478,#1480,#792,.T.);
#1812=EDGE_CURVE('',#1481,#1482,#793,.T.);
#1813=EDGE_CURVE('',#1481,#1483,#794,.T.);
#1814=EDGE_CURVE('',#1484,#1483,#795,.T.);
#1815=EDGE_CURVE('',#1482,#1484,#796,.T.);
#1816=EDGE_CURVE('',#1479,#1484,#797,.T.);
#1817=EDGE_CURVE('',#1483,#1480,#798,.T.);
#1818=EDGE_CURVE('',#1478,#1485,#799,.T.);
#1819=EDGE_CURVE('',#1485,#1486,#800,.T.);
#1820=EDGE_CURVE('',#1477,#1486,#801,.T.);
#1821=EDGE_CURVE('',#1487,#1487,#1299,.T.);
#1822=EDGE_CURVE('',#1488,#1482,#802,.T.);
#1823=EDGE_CURVE('',#1488,#1489,#803,.T.);
#1824=EDGE_CURVE('',#1489,#1481,#804,.T.);
#1825=EDGE_CURVE('',#1490,#1490,#1300,.T.);
#1826=EDGE_CURVE('',#1491,#1491,#1301,.T.);
#1827=EDGE_CURVE('',#1491,#1490,#805,.T.);
#1828=EDGE_CURVE('',#1492,#1492,#1302,.T.);
#1829=EDGE_CURVE('',#1492,#1473,#806,.T.);
#1830=EDGE_CURVE('',#1493,#1493,#1303,.T.);
#1831=EDGE_CURVE('',#1493,#1460,#807,.T.);
#1832=EDGE_CURVE('',#1494,#1494,#1304,.T.);
#1833=EDGE_CURVE('',#1494,#1476,#808,.T.);
#1834=EDGE_CURVE('',#1495,#1495,#1305,.T.);
#1835=EDGE_CURVE('',#1495,#1487,#809,.T.);
#1836=EDGE_CURVE('',#1488,#1496,#810,.T.);
#1837=EDGE_CURVE('',#1497,#1496,#811,.T.);
#1838=EDGE_CURVE('',#1489,#1497,#812,.T.);
#1839=EDGE_CURVE('',#1498,#1499,#813,.T.);
#1840=EDGE_CURVE('',#1498,#1500,#814,.T.);
#1841=EDGE_CURVE('',#1501,#1500,#815,.T.);
#1842=EDGE_CURVE('',#1499,#1501,#816,.T.);
#1843=EDGE_CURVE('',#1496,#1501,#817,.T.);
#1844=EDGE_CURVE('',#1500,#1497,#818,.T.);
#1845=EDGE_CURVE('',#1502,#1499,#819,.T.);
#1846=EDGE_CURVE('',#1503,#1502,#820,.T.);
#1847=EDGE_CURVE('',#1503,#1498,#821,.T.);
#1848=EDGE_CURVE('',#1485,#1504,#822,.T.);
#1849=EDGE_CURVE('',#1505,#1504,#823,.T.);
#1850=EDGE_CURVE('',#1486,#1505,#824,.T.);
#1851=EDGE_CURVE('',#1471,#1506,#825,.T.);
#1852=EDGE_CURVE('',#1507,#1506,#826,.T.);
#1853=EDGE_CURVE('',#1472,#1507,#827,.T.);
#1854=EDGE_CURVE('',#1504,#1507,#828,.T.);
#1855=EDGE_CURVE('',#1506,#1505,#829,.T.);
#1856=EDGE_CURVE('',#1474,#1508,#830,.T.);
#1857=EDGE_CURVE('',#1509,#1508,#831,.T.);
#1858=EDGE_CURVE('',#1475,#1509,#832,.T.);
#1859=EDGE_CURVE('',#1458,#1510,#833,.T.);
#1860=EDGE_CURVE('',#1511,#1510,#834,.T.);
#1861=EDGE_CURVE('',#1459,#1511,#835,.T.);
#1862=EDGE_CURVE('',#1508,#1511,#836,.T.);
#1863=EDGE_CURVE('',#1510,#1509,#837,.T.);
#1864=EDGE_CURVE('',#1436,#1411,#838,.T.);
#1865=EDGE_CURVE('',#1432,#1439,#839,.T.);
#1866=EDGE_CURVE('',#1414,#1431,#840,.T.);
#1867=EDGE_CURVE('',#1438,#1433,#841,.T.);
#1868=EDGE_CURVE('',#1512,#1513,#842,.T.);
#1869=EDGE_CURVE('',#1513,#1514,#843,.T.);
#1870=EDGE_CURVE('',#1515,#1514,#844,.T.);
#1871=EDGE_CURVE('',#1512,#1515,#845,.T.);
#1872=EDGE_CURVE('',#1461,#1512,#846,.T.);
#1873=EDGE_CURVE('',#1462,#1515,#847,.T.);
#1874=EDGE_CURVE('',#1513,#1503,#848,.T.);
#1875=EDGE_CURVE('',#1514,#1502,#849,.T.);
#1876=EDGE_CURVE('',#1516,#1516,#1306,.T.);
#1877=EDGE_CURVE('',#1516,#1517,#850,.T.);
#1878=EDGE_CURVE('',#1517,#1517,#1307,.T.);
#1879=EDGE_CURVE('',#1518,#1518,#1308,.T.);
#1880=EDGE_CURVE('',#1518,#1519,#851,.T.);
#1881=EDGE_CURVE('',#1519,#1519,#1309,.T.);
#1882=EDGE_CURVE('',#1520,#1520,#1310,.T.);
#1883=EDGE_CURVE('',#1520,#1521,#852,.T.);
#1884=EDGE_CURVE('',#1521,#1521,#1311,.T.);
#1885=EDGE_CURVE('',#1522,#1522,#1312,.T.);
#1886=EDGE_CURVE('',#1522,#1523,#853,.T.);
#1887=EDGE_CURVE('',#1523,#1523,#1313,.T.);
#1888=EDGE_CURVE('',#1524,#1524,#1314,.T.);
#1889=EDGE_CURVE('',#1524,#1525,#854,.T.);
#1890=EDGE_CURVE('',#1525,#1525,#1315,.T.);
#1891=EDGE_CURVE('',#1526,#1527,#855,.T.);
#1892=EDGE_CURVE('',#1526,#1528,#856,.T.);
#1893=EDGE_CURVE('',#1529,#1528,#857,.T.);
#1894=EDGE_CURVE('',#1527,#1529,#858,.T.);
#1895=EDGE_CURVE('',#1527,#1530,#859,.T.);
#1896=EDGE_CURVE('',#1531,#1529,#860,.T.);
#1897=EDGE_CURVE('',#1530,#1531,#861,.T.);
#1898=EDGE_CURVE('',#1530,#1532,#862,.T.);
#1899=EDGE_CURVE('',#1533,#1531,#863,.T.);
#1900=EDGE_CURVE('',#1532,#1533,#864,.T.);
#1901=EDGE_CURVE('',#1532,#1526,#865,.T.);
#1902=EDGE_CURVE('',#1528,#1533,#866,.T.);
#1903=EDGE_CURVE('',#1534,#1535,#867,.T.);
#1904=EDGE_CURVE('',#1534,#1536,#868,.T.);
#1905=EDGE_CURVE('',#1537,#1536,#869,.T.);
#1906=EDGE_CURVE('',#1535,#1537,#870,.T.);
#1907=EDGE_CURVE('',#1535,#1538,#871,.T.);
#1908=EDGE_CURVE('',#1539,#1537,#872,.T.);
#1909=EDGE_CURVE('',#1538,#1539,#873,.T.);
#1910=EDGE_CURVE('',#1538,#1540,#874,.T.);
#1911=EDGE_CURVE('',#1541,#1539,#875,.T.);
#1912=EDGE_CURVE('',#1540,#1541,#876,.T.);
#1913=EDGE_CURVE('',#1540,#1534,#877,.T.);
#1914=EDGE_CURVE('',#1536,#1541,#878,.T.);
#1915=EDGE_CURVE('',#1542,#1543,#879,.T.);
#1916=EDGE_CURVE('',#1542,#1544,#880,.T.);
#1917=EDGE_CURVE('',#1545,#1544,#881,.T.);
#1918=EDGE_CURVE('',#1543,#1545,#882,.T.);
#1919=EDGE_CURVE('',#1543,#1546,#883,.T.);
#1920=EDGE_CURVE('',#1547,#1545,#884,.T.);
#1921=EDGE_CURVE('',#1546,#1547,#885,.T.);
#1922=EDGE_CURVE('',#1546,#1548,#886,.T.);
#1923=EDGE_CURVE('',#1549,#1547,#887,.T.);
#1924=EDGE_CURVE('',#1548,#1549,#888,.T.);
#1925=EDGE_CURVE('',#1548,#1542,#889,.T.);
#1926=EDGE_CURVE('',#1544,#1549,#890,.T.);
#1927=EDGE_CURVE('',#1550,#1551,#891,.T.);
#1928=EDGE_CURVE('',#1550,#1552,#892,.T.);
#1929=EDGE_CURVE('',#1553,#1552,#893,.T.);
#1930=EDGE_CURVE('',#1551,#1553,#894,.T.);
#1931=EDGE_CURVE('',#1551,#1554,#895,.T.);
#1932=EDGE_CURVE('',#1555,#1553,#896,.T.);
#1933=EDGE_CURVE('',#1554,#1555,#897,.T.);
#1934=EDGE_CURVE('',#1554,#1556,#898,.T.);
#1935=EDGE_CURVE('',#1557,#1555,#899,.T.);
#1936=EDGE_CURVE('',#1556,#1557,#900,.T.);
#1937=EDGE_CURVE('',#1556,#1550,#901,.T.);
#1938=EDGE_CURVE('',#1552,#1557,#902,.T.);
#1939=EDGE_CURVE('',#1558,#1559,#903,.T.);
#1940=EDGE_CURVE('',#1558,#1560,#904,.T.);
#1941=EDGE_CURVE('',#1561,#1560,#905,.T.);
#1942=EDGE_CURVE('',#1559,#1561,#906,.T.);
#1943=EDGE_CURVE('',#1559,#1562,#907,.T.);
#1944=EDGE_CURVE('',#1563,#1561,#908,.T.);
#1945=EDGE_CURVE('',#1562,#1563,#909,.T.);
#1946=EDGE_CURVE('',#1562,#1564,#910,.T.);
#1947=EDGE_CURVE('',#1565,#1563,#911,.T.);
#1948=EDGE_CURVE('',#1564,#1565,#912,.T.);
#1949=EDGE_CURVE('',#1564,#1558,#913,.T.);
#1950=EDGE_CURVE('',#1560,#1565,#914,.T.);
#1951=EDGE_CURVE('',#1566,#1567,#915,.T.);
#1952=EDGE_CURVE('',#1566,#1568,#916,.T.);
#1953=EDGE_CURVE('',#1569,#1568,#917,.T.);
#1954=EDGE_CURVE('',#1567,#1569,#918,.T.);
#1955=EDGE_CURVE('',#1567,#1570,#919,.T.);
#1956=EDGE_CURVE('',#1571,#1569,#920,.T.);
#1957=EDGE_CURVE('',#1570,#1571,#921,.T.);
#1958=EDGE_CURVE('',#1570,#1572,#922,.T.);
#1959=EDGE_CURVE('',#1573,#1571,#923,.T.);
#1960=EDGE_CURVE('',#1572,#1573,#924,.T.);
#1961=EDGE_CURVE('',#1572,#1566,#925,.T.);
#1962=EDGE_CURVE('',#1568,#1573,#926,.T.);
#1963=ORIENTED_EDGE('',*,*,#1574,.F.);
#1964=ORIENTED_EDGE('',*,*,#1575,.T.);
#1965=ORIENTED_EDGE('',*,*,#1576,.T.);
#1966=ORIENTED_EDGE('',*,*,#1575,.F.);
#1967=ORIENTED_EDGE('',*,*,#1576,.F.);
#1968=ORIENTED_EDGE('',*,*,#1577,.F.);
#1969=ORIENTED_EDGE('',*,*,#1578,.T.);
#1970=ORIENTED_EDGE('',*,*,#1579,.T.);
#1971=ORIENTED_EDGE('',*,*,#1578,.F.);
#1972=ORIENTED_EDGE('',*,*,#1579,.F.);
#1973=ORIENTED_EDGE('',*,*,#1580,.F.);
#1974=ORIENTED_EDGE('',*,*,#1581,.T.);
#1975=ORIENTED_EDGE('',*,*,#1582,.T.);
#1976=ORIENTED_EDGE('',*,*,#1581,.F.);
#1977=ORIENTED_EDGE('',*,*,#1582,.F.);
#1978=ORIENTED_EDGE('',*,*,#1583,.F.);
#1979=ORIENTED_EDGE('',*,*,#1584,.T.);
#1980=ORIENTED_EDGE('',*,*,#1585,.T.);
#1981=ORIENTED_EDGE('',*,*,#1584,.F.);
#1982=ORIENTED_EDGE('',*,*,#1585,.F.);
#1983=ORIENTED_EDGE('',*,*,#1586,.F.);
#1984=ORIENTED_EDGE('',*,*,#1587,.T.);
#1985=ORIENTED_EDGE('',*,*,#1588,.F.);
#1986=ORIENTED_EDGE('',*,*,#1589,.F.);
#1987=ORIENTED_EDGE('',*,*,#1590,.F.);
#1988=ORIENTED_EDGE('',*,*,#1591,.T.);
#1989=ORIENTED_EDGE('',*,*,#1592,.F.);
#1990=ORIENTED_EDGE('',*,*,#1587,.F.);
#1991=ORIENTED_EDGE('',*,*,#1593,.F.);
#1992=ORIENTED_EDGE('',*,*,#1594,.T.);
#1993=ORIENTED_EDGE('',*,*,#1595,.F.);
#1994=ORIENTED_EDGE('',*,*,#1591,.F.);
#1995=ORIENTED_EDGE('',*,*,#1596,.F.);
#1996=ORIENTED_EDGE('',*,*,#1589,.T.);
#1997=ORIENTED_EDGE('',*,*,#1597,.F.);
#1998=ORIENTED_EDGE('',*,*,#1594,.F.);
#1999=ORIENTED_EDGE('',*,*,#1598,.F.);
#2000=ORIENTED_EDGE('',*,*,#1599,.T.);
#2001=ORIENTED_EDGE('',*,*,#1600,.F.);
#2002=ORIENTED_EDGE('',*,*,#1601,.F.);
#2003=ORIENTED_EDGE('',*,*,#1602,.F.);
#2004=ORIENTED_EDGE('',*,*,#1603,.T.);
#2005=ORIENTED_EDGE('',*,*,#1604,.F.);
#2006=ORIENTED_EDGE('',*,*,#1599,.F.);
#2007=ORIENTED_EDGE('',*,*,#1605,.F.);
#2008=ORIENTED_EDGE('',*,*,#1606,.T.);
#2009=ORIENTED_EDGE('',*,*,#1607,.F.);
#2010=ORIENTED_EDGE('',*,*,#1603,.F.);
#2011=ORIENTED_EDGE('',*,*,#1608,.F.);
#2012=ORIENTED_EDGE('',*,*,#1601,.T.);
#2013=ORIENTED_EDGE('',*,*,#1609,.F.);
#2014=ORIENTED_EDGE('',*,*,#1606,.F.);
#2015=ORIENTED_EDGE('',*,*,#1610,.F.);
#2016=ORIENTED_EDGE('',*,*,#1611,.T.);
#2017=ORIENTED_EDGE('',*,*,#1612,.F.);
#2018=ORIENTED_EDGE('',*,*,#1613,.F.);
#2019=ORIENTED_EDGE('',*,*,#1614,.F.);
#2020=ORIENTED_EDGE('',*,*,#1615,.T.);
#2021=ORIENTED_EDGE('',*,*,#1616,.F.);
#2022=ORIENTED_EDGE('',*,*,#1611,.F.);
#2023=ORIENTED_EDGE('',*,*,#1617,.F.);
#2024=ORIENTED_EDGE('',*,*,#1618,.T.);
#2025=ORIENTED_EDGE('',*,*,#1619,.F.);
#2026=ORIENTED_EDGE('',*,*,#1615,.F.);
#2027=ORIENTED_EDGE('',*,*,#1620,.F.);
#2028=ORIENTED_EDGE('',*,*,#1613,.T.);
#2029=ORIENTED_EDGE('',*,*,#1621,.F.);
#2030=ORIENTED_EDGE('',*,*,#1618,.F.);
#2031=ORIENTED_EDGE('',*,*,#1622,.F.);
#2032=ORIENTED_EDGE('',*,*,#1623,.T.);
#2033=ORIENTED_EDGE('',*,*,#1624,.F.);
#2034=ORIENTED_EDGE('',*,*,#1625,.F.);
#2035=ORIENTED_EDGE('',*,*,#1626,.F.);
#2036=ORIENTED_EDGE('',*,*,#1627,.T.);
#2037=ORIENTED_EDGE('',*,*,#1628,.F.);
#2038=ORIENTED_EDGE('',*,*,#1623,.F.);
#2039=ORIENTED_EDGE('',*,*,#1629,.F.);
#2040=ORIENTED_EDGE('',*,*,#1630,.T.);
#2041=ORIENTED_EDGE('',*,*,#1631,.F.);
#2042=ORIENTED_EDGE('',*,*,#1627,.F.);
#2043=ORIENTED_EDGE('',*,*,#1632,.F.);
#2044=ORIENTED_EDGE('',*,*,#1625,.T.);
#2045=ORIENTED_EDGE('',*,*,#1633,.F.);
#2046=ORIENTED_EDGE('',*,*,#1630,.F.);
#2047=ORIENTED_EDGE('',*,*,#1634,.F.);
#2048=ORIENTED_EDGE('',*,*,#1635,.T.);
#2049=ORIENTED_EDGE('',*,*,#1636,.F.);
#2050=ORIENTED_EDGE('',*,*,#1637,.F.);
#2051=ORIENTED_EDGE('',*,*,#1638,.F.);
#2052=ORIENTED_EDGE('',*,*,#1639,.T.);
#2053=ORIENTED_EDGE('',*,*,#1640,.F.);
#2054=ORIENTED_EDGE('',*,*,#1641,.F.);
#2055=ORIENTED_EDGE('',*,*,#1642,.F.);
#2056=ORIENTED_EDGE('',*,*,#1643,.F.);
#2057=ORIENTED_EDGE('',*,*,#1641,.T.);
#2058=ORIENTED_EDGE('',*,*,#1644,.F.);
#2059=ORIENTED_EDGE('',*,*,#1635,.F.);
#2060=ORIENTED_EDGE('',*,*,#1645,.F.);
#2061=ORIENTED_EDGE('',*,*,#1646,.T.);
#2062=ORIENTED_EDGE('',*,*,#1636,.T.);
#2063=ORIENTED_EDGE('',*,*,#1644,.T.);
#2064=ORIENTED_EDGE('',*,*,#1640,.T.);
#2065=ORIENTED_EDGE('',*,*,#1643,.T.);
#2066=ORIENTED_EDGE('',*,*,#1647,.T.);
#2067=ORIENTED_EDGE('',*,*,#1648,.T.);
#2068=ORIENTED_EDGE('',*,*,#1649,.F.);
#2069=ORIENTED_EDGE('',*,*,#1642,.T.);
#2070=ORIENTED_EDGE('',*,*,#1650,.T.);
#2071=ORIENTED_EDGE('',*,*,#1651,.T.);
#2072=ORIENTED_EDGE('',*,*,#1652,.T.);
#2073=ORIENTED_EDGE('',*,*,#1653,.T.);
#2074=ORIENTED_EDGE('',*,*,#1654,.F.);
#2075=ORIENTED_EDGE('',*,*,#1655,.T.);
#2076=ORIENTED_EDGE('',*,*,#1656,.T.);
#2077=ORIENTED_EDGE('',*,*,#1657,.T.);
#2078=ORIENTED_EDGE('',*,*,#1658,.T.);
#2079=ORIENTED_EDGE('',*,*,#1659,.T.);
#2080=ORIENTED_EDGE('',*,*,#1647,.F.);
#2081=ORIENTED_EDGE('',*,*,#1660,.T.);
#2082=ORIENTED_EDGE('',*,*,#1661,.T.);
#2083=ORIENTED_EDGE('',*,*,#1662,.T.);
#2084=ORIENTED_EDGE('',*,*,#1663,.T.);
#2085=ORIENTED_EDGE('',*,*,#1664,.F.);
#2086=ORIENTED_EDGE('',*,*,#1665,.T.);
#2087=ORIENTED_EDGE('',*,*,#1666,.F.);
#2088=ORIENTED_EDGE('',*,*,#1667,.F.);
#2089=ORIENTED_EDGE('',*,*,#1659,.F.);
#2090=ORIENTED_EDGE('',*,*,#1668,.F.);
#2091=ORIENTED_EDGE('',*,*,#1667,.T.);
#2092=ORIENTED_EDGE('',*,*,#1669,.F.);
#2093=ORIENTED_EDGE('',*,*,#1670,.F.);
#2094=ORIENTED_EDGE('',*,*,#1648,.F.);
#2095=ORIENTED_EDGE('',*,*,#1671,.F.);
#2096=ORIENTED_EDGE('',*,*,#1670,.T.);
#2097=ORIENTED_EDGE('',*,*,#1672,.F.);
#2098=ORIENTED_EDGE('',*,*,#1673,.F.);
#2099=ORIENTED_EDGE('',*,*,#1672,.T.);
#2100=ORIENTED_EDGE('',*,*,#1669,.T.);
#2101=ORIENTED_EDGE('',*,*,#1666,.T.);
#2102=ORIENTED_EDGE('',*,*,#1674,.T.);
#2103=ORIENTED_EDGE('',*,*,#1668,.T.);
#2104=ORIENTED_EDGE('',*,*,#1658,.F.);
#2105=ORIENTED_EDGE('',*,*,#1675,.T.);
#2106=ORIENTED_EDGE('',*,*,#1676,.F.);
#2107=ORIENTED_EDGE('',*,*,#1645,.T.);
#2108=ORIENTED_EDGE('',*,*,#1677,.F.);
#2109=ORIENTED_EDGE('',*,*,#1678,.F.);
#2110=ORIENTED_EDGE('',*,*,#1650,.F.);
#2111=ORIENTED_EDGE('',*,*,#1651,.F.);
#2112=ORIENTED_EDGE('',*,*,#1678,.T.);
#2113=ORIENTED_EDGE('',*,*,#1679,.F.);
#2114=ORIENTED_EDGE('',*,*,#1680,.F.);
#2115=ORIENTED_EDGE('',*,*,#1652,.F.);
#2116=ORIENTED_EDGE('',*,*,#1680,.T.);
#2117=ORIENTED_EDGE('',*,*,#1681,.F.);
#2118=ORIENTED_EDGE('',*,*,#1682,.F.);
#2119=ORIENTED_EDGE('',*,*,#1681,.T.);
#2120=ORIENTED_EDGE('',*,*,#1679,.T.);
#2121=ORIENTED_EDGE('',*,*,#1677,.T.);
#2122=ORIENTED_EDGE('',*,*,#1634,.T.);
#2123=ORIENTED_EDGE('',*,*,#1683,.T.);
#2124=ORIENTED_EDGE('',*,*,#1656,.F.);
#2125=ORIENTED_EDGE('',*,*,#1684,.T.);
#2126=ORIENTED_EDGE('',*,*,#1685,.F.);
#2127=ORIENTED_EDGE('',*,*,#1686,.F.);
#2128=ORIENTED_EDGE('',*,*,#1657,.F.);
#2129=ORIENTED_EDGE('',*,*,#1686,.T.);
#2130=ORIENTED_EDGE('',*,*,#1687,.F.);
#2131=ORIENTED_EDGE('',*,*,#1675,.F.);
#2132=ORIENTED_EDGE('',*,*,#1664,.T.);
#2133=ORIENTED_EDGE('',*,*,#1676,.T.);
#2134=ORIENTED_EDGE('',*,*,#1687,.T.);
#2135=ORIENTED_EDGE('',*,*,#1685,.T.);
#2136=ORIENTED_EDGE('',*,*,#1688,.T.);
#2137=ORIENTED_EDGE('',*,*,#1689,.F.);
#2138=ORIENTED_EDGE('',*,*,#1690,.T.);
#2139=ORIENTED_EDGE('',*,*,#1663,.F.);
#2140=ORIENTED_EDGE('',*,*,#1690,.F.);
#2141=ORIENTED_EDGE('',*,*,#1691,.F.);
#2142=ORIENTED_EDGE('',*,*,#1692,.T.);
#2143=ORIENTED_EDGE('',*,*,#1662,.F.);
#2144=ORIENTED_EDGE('',*,*,#1692,.F.);
#2145=ORIENTED_EDGE('',*,*,#1693,.F.);
#2146=ORIENTED_EDGE('',*,*,#1694,.T.);
#2147=ORIENTED_EDGE('',*,*,#1661,.F.);
#2148=ORIENTED_EDGE('',*,*,#1694,.F.);
#2149=ORIENTED_EDGE('',*,*,#1695,.F.);
#2150=ORIENTED_EDGE('',*,*,#1696,.T.);
#2151=ORIENTED_EDGE('',*,*,#1660,.F.);
#2152=ORIENTED_EDGE('',*,*,#1696,.F.);
#2153=ORIENTED_EDGE('',*,*,#1697,.F.);
#2154=ORIENTED_EDGE('',*,*,#1698,.T.);
#2155=ORIENTED_EDGE('',*,*,#1699,.T.);
#2156=ORIENTED_EDGE('',*,*,#1700,.F.);
#2157=ORIENTED_EDGE('',*,*,#1701,.F.);
#2158=ORIENTED_EDGE('',*,*,#1702,.T.);
#2159=ORIENTED_EDGE('',*,*,#1703,.T.);
#2160=ORIENTED_EDGE('',*,*,#1698,.F.);
#2161=ORIENTED_EDGE('',*,*,#1704,.F.);
#2162=ORIENTED_EDGE('',*,*,#1705,.T.);
#2163=ORIENTED_EDGE('',*,*,#1706,.T.);
#2164=ORIENTED_EDGE('',*,*,#1702,.F.);
#2165=ORIENTED_EDGE('',*,*,#1707,.F.);
#2166=ORIENTED_EDGE('',*,*,#1700,.T.);
#2167=ORIENTED_EDGE('',*,*,#1708,.T.);
#2168=ORIENTED_EDGE('',*,*,#1705,.F.);
#2169=ORIENTED_EDGE('',*,*,#1708,.F.);
#2170=ORIENTED_EDGE('',*,*,#1699,.F.);
#2171=ORIENTED_EDGE('',*,*,#1703,.F.);
#2172=ORIENTED_EDGE('',*,*,#1706,.F.);
#2173=ORIENTED_EDGE('',*,*,#1689,.T.);
#2174=ORIENTED_EDGE('',*,*,#1691,.T.);
#2175=ORIENTED_EDGE('',*,*,#1693,.T.);
#2176=ORIENTED_EDGE('',*,*,#1695,.T.);
#2177=ORIENTED_EDGE('',*,*,#1709,.T.);
#2178=ORIENTED_EDGE('',*,*,#1710,.F.);
#2179=ORIENTED_EDGE('',*,*,#1711,.F.);
#2180=ORIENTED_EDGE('',*,*,#1712,.F.);
#2181=ORIENTED_EDGE('',*,*,#1713,.F.);
#2182=ORIENTED_EDGE('',*,*,#1714,.T.);
#2183=ORIENTED_EDGE('',*,*,#1610,.T.);
#2184=ORIENTED_EDGE('',*,*,#1620,.T.);
#2185=ORIENTED_EDGE('',*,*,#1617,.T.);
#2186=ORIENTED_EDGE('',*,*,#1614,.T.);
#2187=ORIENTED_EDGE('',*,*,#1622,.T.);
#2188=ORIENTED_EDGE('',*,*,#1632,.T.);
#2189=ORIENTED_EDGE('',*,*,#1629,.T.);
#2190=ORIENTED_EDGE('',*,*,#1626,.T.);
#2191=ORIENTED_EDGE('',*,*,#1715,.T.);
#2192=ORIENTED_EDGE('',*,*,#1716,.F.);
#2193=ORIENTED_EDGE('',*,*,#1717,.F.);
#2194=ORIENTED_EDGE('',*,*,#1718,.T.);
#2195=ORIENTED_EDGE('',*,*,#1719,.F.);
#2196=ORIENTED_EDGE('',*,*,#1720,.F.);
#2197=ORIENTED_EDGE('',*,*,#1586,.T.);
#2198=ORIENTED_EDGE('',*,*,#1596,.T.);
#2199=ORIENTED_EDGE('',*,*,#1593,.T.);
#2200=ORIENTED_EDGE('',*,*,#1590,.T.);
#2201=ORIENTED_EDGE('',*,*,#1598,.T.);
#2202=ORIENTED_EDGE('',*,*,#1608,.T.);
#2203=ORIENTED_EDGE('',*,*,#1605,.T.);
#2204=ORIENTED_EDGE('',*,*,#1602,.T.);
#2205=ORIENTED_EDGE('',*,*,#1721,.F.);
#2206=ORIENTED_EDGE('',*,*,#1722,.T.);
#2207=ORIENTED_EDGE('',*,*,#1723,.F.);
#2208=ORIENTED_EDGE('',*,*,#1722,.F.);
#2209=ORIENTED_EDGE('',*,*,#1724,.F.);
#2210=ORIENTED_EDGE('',*,*,#1725,.T.);
#2211=ORIENTED_EDGE('',*,*,#1726,.F.);
#2212=ORIENTED_EDGE('',*,*,#1725,.F.);
#2213=ORIENTED_EDGE('',*,*,#1727,.F.);
#2214=ORIENTED_EDGE('',*,*,#1728,.T.);
#2215=ORIENTED_EDGE('',*,*,#1729,.F.);
#2216=ORIENTED_EDGE('',*,*,#1728,.F.);
#2217=ORIENTED_EDGE('',*,*,#1730,.F.);
#2218=ORIENTED_EDGE('',*,*,#1731,.T.);
#2219=ORIENTED_EDGE('',*,*,#1732,.F.);
#2220=ORIENTED_EDGE('',*,*,#1731,.F.);
#2221=ORIENTED_EDGE('',*,*,#1733,.F.);
#2222=ORIENTED_EDGE('',*,*,#1734,.T.);
#2223=ORIENTED_EDGE('',*,*,#1735,.F.);
#2224=ORIENTED_EDGE('',*,*,#1734,.F.);
#2225=ORIENTED_EDGE('',*,*,#1736,.F.);
#2226=ORIENTED_EDGE('',*,*,#1718,.F.);
#2227=ORIENTED_EDGE('',*,*,#1737,.F.);
#2228=ORIENTED_EDGE('',*,*,#1738,.T.);
#2229=ORIENTED_EDGE('',*,*,#1739,.F.);
#2230=ORIENTED_EDGE('',*,*,#1738,.F.);
#2231=ORIENTED_EDGE('',*,*,#1740,.F.);
#2232=ORIENTED_EDGE('',*,*,#1741,.T.);
#2233=ORIENTED_EDGE('',*,*,#1736,.T.);
#2234=ORIENTED_EDGE('',*,*,#1739,.T.);
#2235=ORIENTED_EDGE('',*,*,#1742,.F.);
#2236=ORIENTED_EDGE('',*,*,#1743,.F.);
#2237=ORIENTED_EDGE('',*,*,#1744,.T.);
#2238=ORIENTED_EDGE('',*,*,#1719,.T.);
#2239=ORIENTED_EDGE('',*,*,#1745,.F.);
#2240=ORIENTED_EDGE('',*,*,#1712,.T.);
#2241=ORIENTED_EDGE('',*,*,#1746,.F.);
#2242=ORIENTED_EDGE('',*,*,#1747,.F.);
#2243=ORIENTED_EDGE('',*,*,#1748,.F.);
#2244=ORIENTED_EDGE('',*,*,#1747,.T.);
#2245=ORIENTED_EDGE('',*,*,#1749,.F.);
#2246=ORIENTED_EDGE('',*,*,#1750,.F.);
#2247=ORIENTED_EDGE('',*,*,#1749,.T.);
#2248=ORIENTED_EDGE('',*,*,#1746,.T.);
#2249=ORIENTED_EDGE('',*,*,#1711,.T.);
#2250=ORIENTED_EDGE('',*,*,#1751,.F.);
#2251=ORIENTED_EDGE('',*,*,#1752,.F.);
#2252=ORIENTED_EDGE('',*,*,#1753,.T.);
#2253=ORIENTED_EDGE('',*,*,#1754,.F.);
#2254=ORIENTED_EDGE('',*,*,#1755,.T.);
#2255=ORIENTED_EDGE('',*,*,#1756,.T.);
#2256=ORIENTED_EDGE('',*,*,#1757,.F.);
#2257=ORIENTED_EDGE('',*,*,#1730,.T.);
#2258=ORIENTED_EDGE('',*,*,#1758,.F.);
#2259=ORIENTED_EDGE('',*,*,#1759,.T.);
#2260=ORIENTED_EDGE('',*,*,#1760,.T.);
#2261=ORIENTED_EDGE('',*,*,#1755,.F.);
#2262=ORIENTED_EDGE('',*,*,#1761,.F.);
#2263=ORIENTED_EDGE('',*,*,#1762,.T.);
#2264=ORIENTED_EDGE('',*,*,#1763,.T.);
#2265=ORIENTED_EDGE('',*,*,#1759,.F.);
#2266=ORIENTED_EDGE('',*,*,#1729,.T.);
#2267=ORIENTED_EDGE('',*,*,#1764,.F.);
#2268=ORIENTED_EDGE('',*,*,#1756,.F.);
#2269=ORIENTED_EDGE('',*,*,#1760,.F.);
#2270=ORIENTED_EDGE('',*,*,#1763,.F.);
#2271=ORIENTED_EDGE('',*,*,#1761,.T.);
#2272=ORIENTED_EDGE('',*,*,#1758,.T.);
#2273=ORIENTED_EDGE('',*,*,#1754,.T.);
#2274=ORIENTED_EDGE('',*,*,#1765,.F.);
#2275=ORIENTED_EDGE('',*,*,#1766,.T.);
#2276=ORIENTED_EDGE('',*,*,#1638,.T.);
#2277=ORIENTED_EDGE('',*,*,#1649,.T.);
#2278=ORIENTED_EDGE('',*,*,#1671,.T.);
#2279=ORIENTED_EDGE('',*,*,#1767,.T.);
#2280=ORIENTED_EDGE('',*,*,#1768,.F.);
#2281=ORIENTED_EDGE('',*,*,#1715,.F.);
#2282=ORIENTED_EDGE('',*,*,#1769,.F.);
#2283=ORIENTED_EDGE('',*,*,#1653,.F.);
#2284=ORIENTED_EDGE('',*,*,#1682,.T.);
#2285=ORIENTED_EDGE('',*,*,#1683,.F.);
#2286=ORIENTED_EDGE('',*,*,#1637,.T.);
#2287=ORIENTED_EDGE('',*,*,#1646,.F.);
#2288=ORIENTED_EDGE('',*,*,#1639,.F.);
#2289=ORIENTED_EDGE('',*,*,#1766,.F.);
#2290=ORIENTED_EDGE('',*,*,#1770,.F.);
#2291=ORIENTED_EDGE('',*,*,#1723,.T.);
#2292=ORIENTED_EDGE('',*,*,#1726,.T.);
#2293=ORIENTED_EDGE('',*,*,#1732,.T.);
#2294=ORIENTED_EDGE('',*,*,#1735,.T.);
#2295=ORIENTED_EDGE('',*,*,#1709,.F.);
#2296=ORIENTED_EDGE('',*,*,#1771,.F.);
#2297=ORIENTED_EDGE('',*,*,#1767,.F.);
#2298=ORIENTED_EDGE('',*,*,#1673,.T.);
#2299=ORIENTED_EDGE('',*,*,#1674,.F.);
#2300=ORIENTED_EDGE('',*,*,#1665,.F.);
#2301=ORIENTED_EDGE('',*,*,#1688,.F.);
#2302=ORIENTED_EDGE('',*,*,#1684,.F.);
#2303=ORIENTED_EDGE('',*,*,#1655,.F.);
#2304=ORIENTED_EDGE('',*,*,#1772,.F.);
#2305=ORIENTED_EDGE('',*,*,#1721,.T.);
#2306=ORIENTED_EDGE('',*,*,#1724,.T.);
#2307=ORIENTED_EDGE('',*,*,#1727,.T.);
#2308=ORIENTED_EDGE('',*,*,#1733,.T.);
#2309=ORIENTED_EDGE('',*,*,#1773,.F.);
#2310=ORIENTED_EDGE('',*,*,#1774,.T.);
#2311=ORIENTED_EDGE('',*,*,#1775,.F.);
#2312=ORIENTED_EDGE('',*,*,#1776,.F.);
#2313=ORIENTED_EDGE('',*,*,#1777,.F.);
#2314=ORIENTED_EDGE('',*,*,#1778,.T.);
#2315=ORIENTED_EDGE('',*,*,#1779,.F.);
#2316=ORIENTED_EDGE('',*,*,#1780,.F.);
#2317=ORIENTED_EDGE('',*,*,#1779,.T.);
#2318=ORIENTED_EDGE('',*,*,#1781,.T.);
#2319=ORIENTED_EDGE('',*,*,#1775,.T.);
#2320=ORIENTED_EDGE('',*,*,#1782,.T.);
#2321=ORIENTED_EDGE('',*,*,#1773,.T.);
#2322=ORIENTED_EDGE('',*,*,#1783,.F.);
#2323=ORIENTED_EDGE('',*,*,#1784,.T.);
#2324=ORIENTED_EDGE('',*,*,#1785,.T.);
#2325=ORIENTED_EDGE('',*,*,#1786,.T.);
#2326=ORIENTED_EDGE('',*,*,#1777,.T.);
#2327=ORIENTED_EDGE('',*,*,#1787,.T.);
#2328=ORIENTED_EDGE('',*,*,#1788,.T.);
#2329=ORIENTED_EDGE('',*,*,#1789,.F.);
#2330=ORIENTED_EDGE('',*,*,#1790,.F.);
#2331=ORIENTED_EDGE('',*,*,#1791,.T.);
#2332=ORIENTED_EDGE('',*,*,#1792,.F.);
#2333=ORIENTED_EDGE('',*,*,#1793,.F.);
#2334=ORIENTED_EDGE('',*,*,#1794,.F.);
#2335=ORIENTED_EDGE('',*,*,#1795,.T.);
#2336=ORIENTED_EDGE('',*,*,#1796,.F.);
#2337=ORIENTED_EDGE('',*,*,#1797,.F.);
#2338=ORIENTED_EDGE('',*,*,#1798,.T.);
#2339=ORIENTED_EDGE('',*,*,#1796,.T.);
#2340=ORIENTED_EDGE('',*,*,#1799,.T.);
#2341=ORIENTED_EDGE('',*,*,#1792,.T.);
#2342=ORIENTED_EDGE('',*,*,#1790,.T.);
#2343=ORIENTED_EDGE('',*,*,#1800,.F.);
#2344=ORIENTED_EDGE('',*,*,#1801,.T.);
#2345=ORIENTED_EDGE('',*,*,#1802,.T.);
#2346=ORIENTED_EDGE('',*,*,#1803,.T.);
#2347=ORIENTED_EDGE('',*,*,#1794,.T.);
#2348=ORIENTED_EDGE('',*,*,#1804,.T.);
#2349=ORIENTED_EDGE('',*,*,#1805,.T.);
#2350=ORIENTED_EDGE('',*,*,#1806,.F.);
#2351=ORIENTED_EDGE('',*,*,#1807,.T.);
#2352=ORIENTED_EDGE('',*,*,#1808,.F.);
#2353=ORIENTED_EDGE('',*,*,#1809,.T.);
#2354=ORIENTED_EDGE('',*,*,#1810,.F.);
#2355=ORIENTED_EDGE('',*,*,#1811,.F.);
#2356=ORIENTED_EDGE('',*,*,#1812,.F.);
#2357=ORIENTED_EDGE('',*,*,#1813,.T.);
#2358=ORIENTED_EDGE('',*,*,#1814,.F.);
#2359=ORIENTED_EDGE('',*,*,#1815,.F.);
#2360=ORIENTED_EDGE('',*,*,#1816,.T.);
#2361=ORIENTED_EDGE('',*,*,#1814,.T.);
#2362=ORIENTED_EDGE('',*,*,#1817,.T.);
#2363=ORIENTED_EDGE('',*,*,#1810,.T.);
#2364=ORIENTED_EDGE('',*,*,#1808,.T.);
#2365=ORIENTED_EDGE('',*,*,#1818,.T.);
#2366=ORIENTED_EDGE('',*,*,#1819,.T.);
#2367=ORIENTED_EDGE('',*,*,#1820,.F.);
#2368=ORIENTED_EDGE('',*,*,#1821,.T.);
#2369=ORIENTED_EDGE('',*,*,#1812,.T.);
#2370=ORIENTED_EDGE('',*,*,#1822,.F.);
#2371=ORIENTED_EDGE('',*,*,#1823,.T.);
#2372=ORIENTED_EDGE('',*,*,#1824,.T.);
#2373=ORIENTED_EDGE('',*,*,#1825,.T.);
#2374=ORIENTED_EDGE('',*,*,#1826,.F.);
#2375=ORIENTED_EDGE('',*,*,#1827,.T.);
#2376=ORIENTED_EDGE('',*,*,#1825,.F.);
#2377=ORIENTED_EDGE('',*,*,#1827,.F.);
#2378=ORIENTED_EDGE('',*,*,#1826,.T.);
#2379=ORIENTED_EDGE('',*,*,#1828,.F.);
#2380=ORIENTED_EDGE('',*,*,#1829,.T.);
#2381=ORIENTED_EDGE('',*,*,#1803,.F.);
#2382=ORIENTED_EDGE('',*,*,#1829,.F.);
#2383=ORIENTED_EDGE('',*,*,#1828,.T.);
#2384=ORIENTED_EDGE('',*,*,#1830,.F.);
#2385=ORIENTED_EDGE('',*,*,#1831,.T.);
#2386=ORIENTED_EDGE('',*,*,#1786,.F.);
#2387=ORIENTED_EDGE('',*,*,#1831,.F.);
#2388=ORIENTED_EDGE('',*,*,#1830,.T.);
#2389=ORIENTED_EDGE('',*,*,#1832,.F.);
#2390=ORIENTED_EDGE('',*,*,#1833,.T.);
#2391=ORIENTED_EDGE('',*,*,#1807,.F.);
#2392=ORIENTED_EDGE('',*,*,#1833,.F.);
#2393=ORIENTED_EDGE('',*,*,#1832,.T.);
#2394=ORIENTED_EDGE('',*,*,#1834,.F.);
#2395=ORIENTED_EDGE('',*,*,#1835,.T.);
#2396=ORIENTED_EDGE('',*,*,#1821,.F.);
#2397=ORIENTED_EDGE('',*,*,#1835,.F.);
#2398=ORIENTED_EDGE('',*,*,#1834,.T.);
#2399=ORIENTED_EDGE('',*,*,#1823,.F.);
#2400=ORIENTED_EDGE('',*,*,#1836,.T.);
#2401=ORIENTED_EDGE('',*,*,#1837,.F.);
#2402=ORIENTED_EDGE('',*,*,#1838,.F.);
#2403=ORIENTED_EDGE('',*,*,#1839,.F.);
#2404=ORIENTED_EDGE('',*,*,#1840,.T.);
#2405=ORIENTED_EDGE('',*,*,#1841,.F.);
#2406=ORIENTED_EDGE('',*,*,#1842,.F.);
#2407=ORIENTED_EDGE('',*,*,#1843,.T.);
#2408=ORIENTED_EDGE('',*,*,#1841,.T.);
#2409=ORIENTED_EDGE('',*,*,#1844,.T.);
#2410=ORIENTED_EDGE('',*,*,#1837,.T.);
#2411=ORIENTED_EDGE('',*,*,#1839,.T.);
#2412=ORIENTED_EDGE('',*,*,#1845,.F.);
#2413=ORIENTED_EDGE('',*,*,#1846,.F.);
#2414=ORIENTED_EDGE('',*,*,#1847,.T.);
#2415=ORIENTED_EDGE('',*,*,#1819,.F.);
#2416=ORIENTED_EDGE('',*,*,#1848,.T.);
#2417=ORIENTED_EDGE('',*,*,#1849,.F.);
#2418=ORIENTED_EDGE('',*,*,#1850,.F.);
#2419=ORIENTED_EDGE('',*,*,#1801,.F.);
#2420=ORIENTED_EDGE('',*,*,#1851,.T.);
#2421=ORIENTED_EDGE('',*,*,#1852,.F.);
#2422=ORIENTED_EDGE('',*,*,#1853,.F.);
#2423=ORIENTED_EDGE('',*,*,#1854,.T.);
#2424=ORIENTED_EDGE('',*,*,#1852,.T.);
#2425=ORIENTED_EDGE('',*,*,#1855,.T.);
#2426=ORIENTED_EDGE('',*,*,#1849,.T.);
#2427=ORIENTED_EDGE('',*,*,#1805,.F.);
#2428=ORIENTED_EDGE('',*,*,#1856,.T.);
#2429=ORIENTED_EDGE('',*,*,#1857,.F.);
#2430=ORIENTED_EDGE('',*,*,#1858,.F.);
#2431=ORIENTED_EDGE('',*,*,#1784,.F.);
#2432=ORIENTED_EDGE('',*,*,#1859,.T.);
#2433=ORIENTED_EDGE('',*,*,#1860,.F.);
#2434=ORIENTED_EDGE('',*,*,#1861,.F.);
#2435=ORIENTED_EDGE('',*,*,#1862,.T.);
#2436=ORIENTED_EDGE('',*,*,#1860,.T.);
#2437=ORIENTED_EDGE('',*,*,#1863,.T.);
#2438=ORIENTED_EDGE('',*,*,#1857,.T.);
#2439=ORIENTED_EDGE('',*,*,#1716,.T.);
#2440=ORIENTED_EDGE('',*,*,#1770,.T.);
#2441=ORIENTED_EDGE('',*,*,#1765,.T.);
#2442=ORIENTED_EDGE('',*,*,#1757,.T.);
#2443=ORIENTED_EDGE('',*,*,#1764,.T.);
#2444=ORIENTED_EDGE('',*,*,#1762,.F.);
#2445=ORIENTED_EDGE('',*,*,#1768,.T.);
#2446=ORIENTED_EDGE('',*,*,#1771,.T.);
#2447=ORIENTED_EDGE('',*,*,#1714,.F.);
#2448=ORIENTED_EDGE('',*,*,#1864,.F.);
#2449=ORIENTED_EDGE('',*,*,#1750,.T.);
#2450=ORIENTED_EDGE('',*,*,#1753,.F.);
#2451=ORIENTED_EDGE('',*,*,#1865,.F.);
#2452=ORIENTED_EDGE('',*,*,#1742,.T.);
#2453=ORIENTED_EDGE('',*,*,#1741,.F.);
#2454=ORIENTED_EDGE('',*,*,#1866,.F.);
#2455=ORIENTED_EDGE('',*,*,#1769,.T.);
#2456=ORIENTED_EDGE('',*,*,#1720,.T.);
#2457=ORIENTED_EDGE('',*,*,#1744,.F.);
#2458=ORIENTED_EDGE('',*,*,#1867,.F.);
#2459=ORIENTED_EDGE('',*,*,#1751,.T.);
#2460=ORIENTED_EDGE('',*,*,#1710,.T.);
#2461=ORIENTED_EDGE('',*,*,#1772,.T.);
#2462=ORIENTED_EDGE('',*,*,#1654,.T.);
#2463=ORIENTED_EDGE('',*,*,#1868,.T.);
#2464=ORIENTED_EDGE('',*,*,#1869,.T.);
#2465=ORIENTED_EDGE('',*,*,#1870,.F.);
#2466=ORIENTED_EDGE('',*,*,#1871,.F.);
#2467=ORIENTED_EDGE('',*,*,#1872,.T.);
#2468=ORIENTED_EDGE('',*,*,#1871,.T.);
#2469=ORIENTED_EDGE('',*,*,#1873,.F.);
#2470=ORIENTED_EDGE('',*,*,#1788,.F.);
#2471=ORIENTED_EDGE('',*,*,#1745,.T.);
#2472=ORIENTED_EDGE('',*,*,#1748,.T.);
#2473=ORIENTED_EDGE('',*,*,#1864,.T.);
#2474=ORIENTED_EDGE('',*,*,#1713,.T.);
#2475=ORIENTED_EDGE('',*,*,#1874,.T.);
#2476=ORIENTED_EDGE('',*,*,#1846,.T.);
#2477=ORIENTED_EDGE('',*,*,#1875,.F.);
#2478=ORIENTED_EDGE('',*,*,#1869,.F.);
#2479=ORIENTED_EDGE('',*,*,#1717,.T.);
#2480=ORIENTED_EDGE('',*,*,#1866,.T.);
#2481=ORIENTED_EDGE('',*,*,#1740,.T.);
#2482=ORIENTED_EDGE('',*,*,#1737,.T.);
#2483=ORIENTED_EDGE('',*,*,#1875,.T.);
#2484=ORIENTED_EDGE('',*,*,#1845,.T.);
#2485=ORIENTED_EDGE('',*,*,#1842,.T.);
#2486=ORIENTED_EDGE('',*,*,#1843,.F.);
#2487=ORIENTED_EDGE('',*,*,#1836,.F.);
#2488=ORIENTED_EDGE('',*,*,#1822,.T.);
#2489=ORIENTED_EDGE('',*,*,#1815,.T.);
#2490=ORIENTED_EDGE('',*,*,#1816,.F.);
#2491=ORIENTED_EDGE('',*,*,#1809,.F.);
#2492=ORIENTED_EDGE('',*,*,#1820,.T.);
#2493=ORIENTED_EDGE('',*,*,#1850,.T.);
#2494=ORIENTED_EDGE('',*,*,#1855,.F.);
#2495=ORIENTED_EDGE('',*,*,#1851,.F.);
#2496=ORIENTED_EDGE('',*,*,#1800,.T.);
#2497=ORIENTED_EDGE('',*,*,#1793,.T.);
#2498=ORIENTED_EDGE('',*,*,#1799,.F.);
#2499=ORIENTED_EDGE('',*,*,#1795,.F.);
#2500=ORIENTED_EDGE('',*,*,#1806,.T.);
#2501=ORIENTED_EDGE('',*,*,#1858,.T.);
#2502=ORIENTED_EDGE('',*,*,#1863,.F.);
#2503=ORIENTED_EDGE('',*,*,#1859,.F.);
#2504=ORIENTED_EDGE('',*,*,#1783,.T.);
#2505=ORIENTED_EDGE('',*,*,#1776,.T.);
#2506=ORIENTED_EDGE('',*,*,#1781,.F.);
#2507=ORIENTED_EDGE('',*,*,#1778,.F.);
#2508=ORIENTED_EDGE('',*,*,#1789,.T.);
#2509=ORIENTED_EDGE('',*,*,#1873,.T.);
#2510=ORIENTED_EDGE('',*,*,#1870,.T.);
#2511=ORIENTED_EDGE('',*,*,#1752,.T.);
#2512=ORIENTED_EDGE('',*,*,#1867,.T.);
#2513=ORIENTED_EDGE('',*,*,#1743,.T.);
#2514=ORIENTED_EDGE('',*,*,#1865,.T.);
#2515=ORIENTED_EDGE('',*,*,#1583,.T.);
#2516=ORIENTED_EDGE('',*,*,#1580,.T.);
#2517=ORIENTED_EDGE('',*,*,#1577,.T.);
#2518=ORIENTED_EDGE('',*,*,#1574,.T.);
#2519=ORIENTED_EDGE('',*,*,#1874,.F.);
#2520=ORIENTED_EDGE('',*,*,#1868,.F.);
#2521=ORIENTED_EDGE('',*,*,#1872,.F.);
#2522=ORIENTED_EDGE('',*,*,#1787,.F.);
#2523=ORIENTED_EDGE('',*,*,#1780,.T.);
#2524=ORIENTED_EDGE('',*,*,#1782,.F.);
#2525=ORIENTED_EDGE('',*,*,#1774,.F.);
#2526=ORIENTED_EDGE('',*,*,#1785,.F.);
#2527=ORIENTED_EDGE('',*,*,#1861,.T.);
#2528=ORIENTED_EDGE('',*,*,#1862,.F.);
#2529=ORIENTED_EDGE('',*,*,#1856,.F.);
#2530=ORIENTED_EDGE('',*,*,#1804,.F.);
#2531=ORIENTED_EDGE('',*,*,#1797,.T.);
#2532=ORIENTED_EDGE('',*,*,#1798,.F.);
#2533=ORIENTED_EDGE('',*,*,#1791,.F.);
#2534=ORIENTED_EDGE('',*,*,#1802,.F.);
#2535=ORIENTED_EDGE('',*,*,#1853,.T.);
#2536=ORIENTED_EDGE('',*,*,#1854,.F.);
#2537=ORIENTED_EDGE('',*,*,#1848,.F.);
#2538=ORIENTED_EDGE('',*,*,#1818,.F.);
#2539=ORIENTED_EDGE('',*,*,#1811,.T.);
#2540=ORIENTED_EDGE('',*,*,#1817,.F.);
#2541=ORIENTED_EDGE('',*,*,#1813,.F.);
#2542=ORIENTED_EDGE('',*,*,#1824,.F.);
#2543=ORIENTED_EDGE('',*,*,#1838,.T.);
#2544=ORIENTED_EDGE('',*,*,#1844,.F.);
#2545=ORIENTED_EDGE('',*,*,#1840,.F.);
#2546=ORIENTED_EDGE('',*,*,#1847,.F.);
#2547=ORIENTED_EDGE('',*,*,#1588,.T.);
#2548=ORIENTED_EDGE('',*,*,#1592,.T.);
#2549=ORIENTED_EDGE('',*,*,#1595,.T.);
#2550=ORIENTED_EDGE('',*,*,#1597,.T.);
#2551=ORIENTED_EDGE('',*,*,#1600,.T.);
#2552=ORIENTED_EDGE('',*,*,#1604,.T.);
#2553=ORIENTED_EDGE('',*,*,#1607,.T.);
#2554=ORIENTED_EDGE('',*,*,#1609,.T.);
#2555=ORIENTED_EDGE('',*,*,#1612,.T.);
#2556=ORIENTED_EDGE('',*,*,#1616,.T.);
#2557=ORIENTED_EDGE('',*,*,#1619,.T.);
#2558=ORIENTED_EDGE('',*,*,#1621,.T.);
#2559=ORIENTED_EDGE('',*,*,#1624,.T.);
#2560=ORIENTED_EDGE('',*,*,#1628,.T.);
#2561=ORIENTED_EDGE('',*,*,#1631,.T.);
#2562=ORIENTED_EDGE('',*,*,#1633,.T.);
#2563=ORIENTED_EDGE('',*,*,#1697,.T.);
#2564=ORIENTED_EDGE('',*,*,#1707,.T.);
#2565=ORIENTED_EDGE('',*,*,#1704,.T.);
#2566=ORIENTED_EDGE('',*,*,#1701,.T.);
#2567=ORIENTED_EDGE('',*,*,#1876,.F.);
#2568=ORIENTED_EDGE('',*,*,#1877,.T.);
#2569=ORIENTED_EDGE('',*,*,#1878,.F.);
#2570=ORIENTED_EDGE('',*,*,#1877,.F.);
#2571=ORIENTED_EDGE('',*,*,#1878,.T.);
#2572=ORIENTED_EDGE('',*,*,#1876,.T.);
#2573=ORIENTED_EDGE('',*,*,#1879,.F.);
#2574=ORIENTED_EDGE('',*,*,#1880,.T.);
#2575=ORIENTED_EDGE('',*,*,#1881,.F.);
#2576=ORIENTED_EDGE('',*,*,#1880,.F.);
#2577=ORIENTED_EDGE('',*,*,#1881,.T.);
#2578=ORIENTED_EDGE('',*,*,#1879,.T.);
#2579=ORIENTED_EDGE('',*,*,#1882,.F.);
#2580=ORIENTED_EDGE('',*,*,#1883,.T.);
#2581=ORIENTED_EDGE('',*,*,#1884,.F.);
#2582=ORIENTED_EDGE('',*,*,#1883,.F.);
#2583=ORIENTED_EDGE('',*,*,#1884,.T.);
#2584=ORIENTED_EDGE('',*,*,#1882,.T.);
#2585=ORIENTED_EDGE('',*,*,#1885,.F.);
#2586=ORIENTED_EDGE('',*,*,#1886,.T.);
#2587=ORIENTED_EDGE('',*,*,#1887,.F.);
#2588=ORIENTED_EDGE('',*,*,#1886,.F.);
#2589=ORIENTED_EDGE('',*,*,#1887,.T.);
#2590=ORIENTED_EDGE('',*,*,#1885,.T.);
#2591=ORIENTED_EDGE('',*,*,#1888,.F.);
#2592=ORIENTED_EDGE('',*,*,#1889,.T.);
#2593=ORIENTED_EDGE('',*,*,#1890,.F.);
#2594=ORIENTED_EDGE('',*,*,#1889,.F.);
#2595=ORIENTED_EDGE('',*,*,#1890,.T.);
#2596=ORIENTED_EDGE('',*,*,#1888,.T.);
#2597=ORIENTED_EDGE('',*,*,#1891,.F.);
#2598=ORIENTED_EDGE('',*,*,#1892,.T.);
#2599=ORIENTED_EDGE('',*,*,#1893,.F.);
#2600=ORIENTED_EDGE('',*,*,#1894,.F.);
#2601=ORIENTED_EDGE('',*,*,#1895,.F.);
#2602=ORIENTED_EDGE('',*,*,#1894,.T.);
#2603=ORIENTED_EDGE('',*,*,#1896,.F.);
#2604=ORIENTED_EDGE('',*,*,#1897,.F.);
#2605=ORIENTED_EDGE('',*,*,#1898,.F.);
#2606=ORIENTED_EDGE('',*,*,#1897,.T.);
#2607=ORIENTED_EDGE('',*,*,#1899,.F.);
#2608=ORIENTED_EDGE('',*,*,#1900,.F.);
#2609=ORIENTED_EDGE('',*,*,#1901,.F.);
#2610=ORIENTED_EDGE('',*,*,#1900,.T.);
#2611=ORIENTED_EDGE('',*,*,#1902,.F.);
#2612=ORIENTED_EDGE('',*,*,#1892,.F.);
#2613=ORIENTED_EDGE('',*,*,#1901,.T.);
#2614=ORIENTED_EDGE('',*,*,#1891,.T.);
#2615=ORIENTED_EDGE('',*,*,#1895,.T.);
#2616=ORIENTED_EDGE('',*,*,#1898,.T.);
#2617=ORIENTED_EDGE('',*,*,#1902,.T.);
#2618=ORIENTED_EDGE('',*,*,#1899,.T.);
#2619=ORIENTED_EDGE('',*,*,#1896,.T.);
#2620=ORIENTED_EDGE('',*,*,#1893,.T.);
#2621=ORIENTED_EDGE('',*,*,#1903,.F.);
#2622=ORIENTED_EDGE('',*,*,#1904,.T.);
#2623=ORIENTED_EDGE('',*,*,#1905,.F.);
#2624=ORIENTED_EDGE('',*,*,#1906,.F.);
#2625=ORIENTED_EDGE('',*,*,#1907,.F.);
#2626=ORIENTED_EDGE('',*,*,#1906,.T.);
#2627=ORIENTED_EDGE('',*,*,#1908,.F.);
#2628=ORIENTED_EDGE('',*,*,#1909,.F.);
#2629=ORIENTED_EDGE('',*,*,#1910,.F.);
#2630=ORIENTED_EDGE('',*,*,#1909,.T.);
#2631=ORIENTED_EDGE('',*,*,#1911,.F.);
#2632=ORIENTED_EDGE('',*,*,#1912,.F.);
#2633=ORIENTED_EDGE('',*,*,#1913,.F.);
#2634=ORIENTED_EDGE('',*,*,#1912,.T.);
#2635=ORIENTED_EDGE('',*,*,#1914,.F.);
#2636=ORIENTED_EDGE('',*,*,#1904,.F.);
#2637=ORIENTED_EDGE('',*,*,#1913,.T.);
#2638=ORIENTED_EDGE('',*,*,#1903,.T.);
#2639=ORIENTED_EDGE('',*,*,#1907,.T.);
#2640=ORIENTED_EDGE('',*,*,#1910,.T.);
#2641=ORIENTED_EDGE('',*,*,#1914,.T.);
#2642=ORIENTED_EDGE('',*,*,#1911,.T.);
#2643=ORIENTED_EDGE('',*,*,#1908,.T.);
#2644=ORIENTED_EDGE('',*,*,#1905,.T.);
#2645=ORIENTED_EDGE('',*,*,#1915,.F.);
#2646=ORIENTED_EDGE('',*,*,#1916,.T.);
#2647=ORIENTED_EDGE('',*,*,#1917,.F.);
#2648=ORIENTED_EDGE('',*,*,#1918,.F.);
#2649=ORIENTED_EDGE('',*,*,#1919,.F.);
#2650=ORIENTED_EDGE('',*,*,#1918,.T.);
#2651=ORIENTED_EDGE('',*,*,#1920,.F.);
#2652=ORIENTED_EDGE('',*,*,#1921,.F.);
#2653=ORIENTED_EDGE('',*,*,#1922,.F.);
#2654=ORIENTED_EDGE('',*,*,#1921,.T.);
#2655=ORIENTED_EDGE('',*,*,#1923,.F.);
#2656=ORIENTED_EDGE('',*,*,#1924,.F.);
#2657=ORIENTED_EDGE('',*,*,#1925,.F.);
#2658=ORIENTED_EDGE('',*,*,#1924,.T.);
#2659=ORIENTED_EDGE('',*,*,#1926,.F.);
#2660=ORIENTED_EDGE('',*,*,#1916,.F.);
#2661=ORIENTED_EDGE('',*,*,#1925,.T.);
#2662=ORIENTED_EDGE('',*,*,#1915,.T.);
#2663=ORIENTED_EDGE('',*,*,#1919,.T.);
#2664=ORIENTED_EDGE('',*,*,#1922,.T.);
#2665=ORIENTED_EDGE('',*,*,#1926,.T.);
#2666=ORIENTED_EDGE('',*,*,#1923,.T.);
#2667=ORIENTED_EDGE('',*,*,#1920,.T.);
#2668=ORIENTED_EDGE('',*,*,#1917,.T.);
#2669=ORIENTED_EDGE('',*,*,#1927,.F.);
#2670=ORIENTED_EDGE('',*,*,#1928,.T.);
#2671=ORIENTED_EDGE('',*,*,#1929,.F.);
#2672=ORIENTED_EDGE('',*,*,#1930,.F.);
#2673=ORIENTED_EDGE('',*,*,#1931,.F.);
#2674=ORIENTED_EDGE('',*,*,#1930,.T.);
#2675=ORIENTED_EDGE('',*,*,#1932,.F.);
#2676=ORIENTED_EDGE('',*,*,#1933,.F.);
#2677=ORIENTED_EDGE('',*,*,#1934,.F.);
#2678=ORIENTED_EDGE('',*,*,#1933,.T.);
#2679=ORIENTED_EDGE('',*,*,#1935,.F.);
#2680=ORIENTED_EDGE('',*,*,#1936,.F.);
#2681=ORIENTED_EDGE('',*,*,#1937,.F.);
#2682=ORIENTED_EDGE('',*,*,#1936,.T.);
#2683=ORIENTED_EDGE('',*,*,#1938,.F.);
#2684=ORIENTED_EDGE('',*,*,#1928,.F.);
#2685=ORIENTED_EDGE('',*,*,#1937,.T.);
#2686=ORIENTED_EDGE('',*,*,#1927,.T.);
#2687=ORIENTED_EDGE('',*,*,#1931,.T.);
#2688=ORIENTED_EDGE('',*,*,#1934,.T.);
#2689=ORIENTED_EDGE('',*,*,#1938,.T.);
#2690=ORIENTED_EDGE('',*,*,#1935,.T.);
#2691=ORIENTED_EDGE('',*,*,#1932,.T.);
#2692=ORIENTED_EDGE('',*,*,#1929,.T.);
#2693=ORIENTED_EDGE('',*,*,#1939,.F.);
#2694=ORIENTED_EDGE('',*,*,#1940,.T.);
#2695=ORIENTED_EDGE('',*,*,#1941,.F.);
#2696=ORIENTED_EDGE('',*,*,#1942,.F.);
#2697=ORIENTED_EDGE('',*,*,#1943,.F.);
#2698=ORIENTED_EDGE('',*,*,#1942,.T.);
#2699=ORIENTED_EDGE('',*,*,#1944,.F.);
#2700=ORIENTED_EDGE('',*,*,#1945,.F.);
#2701=ORIENTED_EDGE('',*,*,#1946,.F.);
#2702=ORIENTED_EDGE('',*,*,#1945,.T.);
#2703=ORIENTED_EDGE('',*,*,#1947,.F.);
#2704=ORIENTED_EDGE('',*,*,#1948,.F.);
#2705=ORIENTED_EDGE('',*,*,#1949,.F.);
#2706=ORIENTED_EDGE('',*,*,#1948,.T.);
#2707=ORIENTED_EDGE('',*,*,#1950,.F.);
#2708=ORIENTED_EDGE('',*,*,#1940,.F.);
#2709=ORIENTED_EDGE('',*,*,#1949,.T.);
#2710=ORIENTED_EDGE('',*,*,#1939,.T.);
#2711=ORIENTED_EDGE('',*,*,#1943,.T.);
#2712=ORIENTED_EDGE('',*,*,#1946,.T.);
#2713=ORIENTED_EDGE('',*,*,#1950,.T.);
#2714=ORIENTED_EDGE('',*,*,#1947,.T.);
#2715=ORIENTED_EDGE('',*,*,#1944,.T.);
#2716=ORIENTED_EDGE('',*,*,#1941,.T.);
#2717=ORIENTED_EDGE('',*,*,#1951,.F.);
#2718=ORIENTED_EDGE('',*,*,#1952,.T.);
#2719=ORIENTED_EDGE('',*,*,#1953,.F.);
#2720=ORIENTED_EDGE('',*,*,#1954,.F.);
#2721=ORIENTED_EDGE('',*,*,#1955,.F.);
#2722=ORIENTED_EDGE('',*,*,#1954,.T.);
#2723=ORIENTED_EDGE('',*,*,#1956,.F.);
#2724=ORIENTED_EDGE('',*,*,#1957,.F.);
#2725=ORIENTED_EDGE('',*,*,#1958,.F.);
#2726=ORIENTED_EDGE('',*,*,#1957,.T.);
#2727=ORIENTED_EDGE('',*,*,#1959,.F.);
#2728=ORIENTED_EDGE('',*,*,#1960,.F.);
#2729=ORIENTED_EDGE('',*,*,#1961,.F.);
#2730=ORIENTED_EDGE('',*,*,#1960,.T.);
#2731=ORIENTED_EDGE('',*,*,#1962,.F.);
#2732=ORIENTED_EDGE('',*,*,#1952,.F.);
#2733=ORIENTED_EDGE('',*,*,#1961,.T.);
#2734=ORIENTED_EDGE('',*,*,#1951,.T.);
#2735=ORIENTED_EDGE('',*,*,#1955,.T.);
#2736=ORIENTED_EDGE('',*,*,#1958,.T.);
#2737=ORIENTED_EDGE('',*,*,#1962,.T.);
#2738=ORIENTED_EDGE('',*,*,#1959,.T.);
#2739=ORIENTED_EDGE('',*,*,#1956,.T.);
#2740=ORIENTED_EDGE('',*,*,#1953,.T.);
#2741=CYLINDRICAL_SURFACE('',#2953,1.7);
#2742=CYLINDRICAL_SURFACE('',#2957,1.7);
#2743=CYLINDRICAL_SURFACE('',#2961,1.7);
#2744=CYLINDRICAL_SURFACE('',#2965,1.7);
#2745=CYLINDRICAL_SURFACE('',#3007,1.5);
#2746=CYLINDRICAL_SURFACE('',#3009,1.5);
#2747=CYLINDRICAL_SURFACE('',#3011,1.5);
#2748=CYLINDRICAL_SURFACE('',#3013,1.5);
#2749=CYLINDRICAL_SURFACE('',#3022,2.5);
#2750=CYLINDRICAL_SURFACE('',#3025,1.25);
#2751=CYLINDRICAL_SURFACE('',#3028,1.25);
#2752=CYLINDRICAL_SURFACE('',#3031,1.25);
#2753=CYLINDRICAL_SURFACE('',#3034,3.59999999999999);
#2754=CYLINDRICAL_SURFACE('',#3070,1.425);
#2755=CYLINDRICAL_SURFACE('',#3073,1.425);
#2756=CYLINDRICAL_SURFACE('',#3076,1.425);
#2757=CYLINDRICAL_SURFACE('',#3079,1.425);
#2758=CYLINDRICAL_SURFACE('',#3082,1.425);
#2759=CYLINDRICAL_SURFACE('',#3102,1.425);
#2760=CYLINDRICAL_SURFACE('',#3107,1.425);
#2761=CYLINDRICAL_SURFACE('',#3112,1.425);
#2762=CYLINDRICAL_SURFACE('',#3117,1.425);
#2763=CYLINDRICAL_SURFACE('',#3122,1.425);
#2764=ADVANCED_FACE('',(#217),#2741,.F.);
#2765=ADVANCED_FACE('',(#218),#76,.T.);
#2766=ADVANCED_FACE('',(#219),#2742,.F.);
#2767=ADVANCED_FACE('',(#220),#77,.T.);
#2768=ADVANCED_FACE('',(#221),#2743,.F.);
#2769=ADVANCED_FACE('',(#222),#78,.T.);
#2770=ADVANCED_FACE('',(#223),#2744,.F.);
#2771=ADVANCED_FACE('',(#224),#79,.T.);
#2772=ADVANCED_FACE('',(#225),#80,.F.);
#2773=ADVANCED_FACE('',(#226),#81,.F.);
#2774=ADVANCED_FACE('',(#227),#82,.F.);
#2775=ADVANCED_FACE('',(#228),#83,.F.);
#2776=ADVANCED_FACE('',(#229),#84,.F.);
#2777=ADVANCED_FACE('',(#230),#85,.F.);
#2778=ADVANCED_FACE('',(#231),#86,.F.);
#2779=ADVANCED_FACE('',(#232),#87,.F.);
#2780=ADVANCED_FACE('',(#233),#88,.F.);
#2781=ADVANCED_FACE('',(#234),#89,.F.);
#2782=ADVANCED_FACE('',(#235),#90,.F.);
#2783=ADVANCED_FACE('',(#236),#91,.F.);
#2784=ADVANCED_FACE('',(#237),#92,.F.);
#2785=ADVANCED_FACE('',(#238),#93,.F.);
#2786=ADVANCED_FACE('',(#239),#94,.F.);
#2787=ADVANCED_FACE('',(#240),#95,.F.);
#2788=ADVANCED_FACE('',(#241),#96,.T.);
#2789=ADVANCED_FACE('',(#242),#97,.T.);
#2790=ADVANCED_FACE('',(#243),#98,.T.);
#2791=ADVANCED_FACE('',(#244),#99,.T.);
#2792=ADVANCED_FACE('',(#245),#100,.T.);
#2793=ADVANCED_FACE('',(#246,#37,#38,#39,#40),#101,.T.);
#2794=ADVANCED_FACE('',(#247),#102,.T.);
#2795=ADVANCED_FACE('',(#248),#103,.T.);
#2796=ADVANCED_FACE('',(#249),#104,.T.);
#2797=ADVANCED_FACE('',(#250),#105,.T.);
#2798=ADVANCED_FACE('',(#251),#106,.T.);
#2799=ADVANCED_FACE('',(#252),#107,.T.);
#2800=ADVANCED_FACE('',(#253),#108,.T.);
#2801=ADVANCED_FACE('',(#254),#109,.T.);
#2802=ADVANCED_FACE('',(#255),#110,.T.);
#2803=ADVANCED_FACE('',(#256),#111,.T.);
#2804=ADVANCED_FACE('',(#257),#112,.T.);
#2805=ADVANCED_FACE('',(#258),#113,.T.);
#2806=ADVANCED_FACE('',(#259),#2745,.F.);
#2807=ADVANCED_FACE('',(#260),#2746,.F.);
#2808=ADVANCED_FACE('',(#261),#2747,.F.);
#2809=ADVANCED_FACE('',(#262),#2748,.F.);
#2810=ADVANCED_FACE('',(#263),#114,.F.);
#2811=ADVANCED_FACE('',(#264),#115,.F.);
#2812=ADVANCED_FACE('',(#265),#116,.F.);
#2813=ADVANCED_FACE('',(#266),#117,.F.);
#2814=ADVANCED_FACE('',(#267,#41,#42,#43,#44),#118,.F.);
#2815=ADVANCED_FACE('',(#268,#45,#46),#119,.F.);
#2816=ADVANCED_FACE('',(#269,#47,#48),#120,.F.);
#2817=ADVANCED_FACE('',(#270),#2749,.F.);
#2818=ADVANCED_FACE('',(#271),#2750,.F.);
#2819=ADVANCED_FACE('',(#272),#2751,.F.);
#2820=ADVANCED_FACE('',(#273),#2752,.F.);
#2821=ADVANCED_FACE('',(#274),#2753,.F.);
#2822=ADVANCED_FACE('',(#275),#121,.F.);
#2823=ADVANCED_FACE('',(#276),#122,.F.);
#2824=ADVANCED_FACE('',(#277),#123,.F.);
#2825=ADVANCED_FACE('',(#278),#124,.F.);
#2826=ADVANCED_FACE('',(#279),#125,.F.);
#2827=ADVANCED_FACE('',(#280),#126,.F.);
#2828=ADVANCED_FACE('',(#281,#49),#127,.F.);
#2829=ADVANCED_FACE('',(#282),#128,.F.);
#2830=ADVANCED_FACE('',(#283,#50),#129,.F.);
#2831=ADVANCED_FACE('',(#284),#130,.F.);
#2832=ADVANCED_FACE('',(#285),#131,.T.);
#2833=ADVANCED_FACE('',(#286,#51,#52,#53,#54),#132,.T.);
#2834=ADVANCED_FACE('',(#287,#55,#56,#57,#58),#133,.T.);
#2835=ADVANCED_FACE('',(#288),#134,.T.);
#2836=ADVANCED_FACE('',(#289),#135,.T.);
#2837=ADVANCED_FACE('',(#290),#136,.T.);
#2838=ADVANCED_FACE('',(#291,#59),#137,.T.);
#2839=ADVANCED_FACE('',(#292),#138,.T.);
#2840=ADVANCED_FACE('',(#293),#139,.T.);
#2841=ADVANCED_FACE('',(#294),#140,.T.);
#2842=ADVANCED_FACE('',(#295),#141,.T.);
#2843=ADVANCED_FACE('',(#296,#60),#142,.T.);
#2844=ADVANCED_FACE('',(#297,#61),#143,.T.);
#2845=ADVANCED_FACE('',(#298),#144,.T.);
#2846=ADVANCED_FACE('',(#299),#145,.T.);
#2847=ADVANCED_FACE('',(#300),#146,.T.);
#2848=ADVANCED_FACE('',(#301,#62),#147,.T.);
#2849=ADVANCED_FACE('',(#302,#63),#148,.T.);
#2850=ADVANCED_FACE('',(#303),#2754,.T.);
#2851=ADVANCED_FACE('',(#304),#149,.T.);
#2852=ADVANCED_FACE('',(#305),#2755,.T.);
#2853=ADVANCED_FACE('',(#306),#150,.T.);
#2854=ADVANCED_FACE('',(#307),#2756,.T.);
#2855=ADVANCED_FACE('',(#308),#151,.T.);
#2856=ADVANCED_FACE('',(#309),#2757,.T.);
#2857=ADVANCED_FACE('',(#310),#152,.T.);
#2858=ADVANCED_FACE('',(#311),#2758,.T.);
#2859=ADVANCED_FACE('',(#312),#153,.T.);
#2860=ADVANCED_FACE('',(#313),#154,.T.);
#2861=ADVANCED_FACE('',(#314),#155,.T.);
#2862=ADVANCED_FACE('',(#315),#156,.T.);
#2863=ADVANCED_FACE('',(#316),#157,.T.);
#2864=ADVANCED_FACE('',(#317),#158,.T.);
#2865=ADVANCED_FACE('',(#318),#159,.T.);
#2866=ADVANCED_FACE('',(#319),#160,.T.);
#2867=ADVANCED_FACE('',(#320),#161,.T.);
#2868=ADVANCED_FACE('',(#321),#162,.T.);
#2869=ADVANCED_FACE('',(#322),#163,.T.);
#2870=ADVANCED_FACE('',(#323),#164,.F.);
#2871=ADVANCED_FACE('',(#324),#165,.F.);
#2872=ADVANCED_FACE('',(#325),#166,.T.);
#2873=ADVANCED_FACE('',(#326,#64),#167,.T.);
#2874=ADVANCED_FACE('',(#327,#65),#168,.T.);
#2875=ADVANCED_FACE('',(#328,#66,#67,#68,#69,#70),#169,.T.);
#2876=ADVANCED_FACE('',(#329,#71,#72,#73,#74,#75),#170,.F.);
#2877=ADVANCED_FACE('',(#330),#2759,.T.);
#2878=ADVANCED_FACE('',(#331),#171,.F.);
#2879=ADVANCED_FACE('',(#332),#172,.T.);
#2880=ADVANCED_FACE('',(#333),#2760,.T.);
#2881=ADVANCED_FACE('',(#334),#173,.F.);
#2882=ADVANCED_FACE('',(#335),#174,.T.);
#2883=ADVANCED_FACE('',(#336),#2761,.T.);
#2884=ADVANCED_FACE('',(#337),#175,.F.);
#2885=ADVANCED_FACE('',(#338),#176,.T.);
#2886=ADVANCED_FACE('',(#339),#2762,.T.);
#2887=ADVANCED_FACE('',(#340),#177,.F.);
#2888=ADVANCED_FACE('',(#341),#178,.T.);
#2889=ADVANCED_FACE('',(#342),#2763,.T.);
#2890=ADVANCED_FACE('',(#343),#179,.F.);
#2891=ADVANCED_FACE('',(#344),#180,.T.);
#2892=ADVANCED_FACE('',(#345),#181,.T.);
#2893=ADVANCED_FACE('',(#346),#182,.T.);
#2894=ADVANCED_FACE('',(#347),#183,.T.);
#2895=ADVANCED_FACE('',(#348),#184,.T.);
#2896=ADVANCED_FACE('',(#349),#185,.F.);
#2897=ADVANCED_FACE('',(#350),#186,.T.);
#2898=ADVANCED_FACE('',(#351),#187,.T.);
#2899=ADVANCED_FACE('',(#352),#188,.T.);
#2900=ADVANCED_FACE('',(#353),#189,.T.);
#2901=ADVANCED_FACE('',(#354),#190,.T.);
#2902=ADVANCED_FACE('',(#355),#191,.F.);
#2903=ADVANCED_FACE('',(#356),#192,.T.);
#2904=ADVANCED_FACE('',(#357),#193,.T.);
#2905=ADVANCED_FACE('',(#358),#194,.T.);
#2906=ADVANCED_FACE('',(#359),#195,.T.);
#2907=ADVANCED_FACE('',(#360),#196,.T.);
#2908=ADVANCED_FACE('',(#361),#197,.F.);
#2909=ADVANCED_FACE('',(#362),#198,.T.);
#2910=ADVANCED_FACE('',(#363),#199,.T.);
#2911=ADVANCED_FACE('',(#364),#200,.T.);
#2912=ADVANCED_FACE('',(#365),#201,.T.);
#2913=ADVANCED_FACE('',(#366),#202,.T.);
#2914=ADVANCED_FACE('',(#367),#203,.F.);
#2915=ADVANCED_FACE('',(#368),#204,.T.);
#2916=ADVANCED_FACE('',(#369),#205,.T.);
#2917=ADVANCED_FACE('',(#370),#206,.T.);
#2918=ADVANCED_FACE('',(#371),#207,.T.);
#2919=ADVANCED_FACE('',(#372),#208,.T.);
#2920=ADVANCED_FACE('',(#373),#209,.F.);
#2921=ADVANCED_FACE('',(#374),#210,.T.);
#2922=ADVANCED_FACE('',(#375),#211,.T.);
#2923=ADVANCED_FACE('',(#376),#212,.T.);
#2924=ADVANCED_FACE('',(#377),#213,.T.);
#2925=ADVANCED_FACE('',(#378),#214,.T.);
#2926=ADVANCED_FACE('',(#379),#215,.F.);
#2927=ADVANCED_FACE('',(#380),#216,.T.);
#2928=CLOSED_SHELL('',(#2764,#2765,#2766,#2767,#2768,#2769,#2770,#2771,
#2772,#2773,#2774,#2775,#2776,#2777,#2778,#2779,#2780,#2781,#2782,#2783,
#2784,#2785,#2786,#2787,#2788,#2789,#2790,#2791,#2792,#2793,#2794,#2795,
#2796,#2797,#2798,#2799,#2800,#2801,#2802,#2803,#2804,#2805,#2806,#2807,
#2808,#2809,#2810,#2811,#2812,#2813,#2814,#2815,#2816,#2817,#2818,#2819,
#2820,#2821,#2822,#2823,#2824,#2825,#2826,#2827,#2828,#2829,#2830,#2831,
#2832,#2833,#2834,#2835,#2836,#2837,#2838,#2839,#2840,#2841,#2842,#2843,
#2844,#2845,#2846,#2847,#2848,#2849,#2850,#2851,#2852,#2853,#2854,#2855,
#2856,#2857,#2858,#2859,#2860,#2861,#2862,#2863,#2864,#2865,#2866,#2867,
#2868,#2869,#2870,#2871,#2872,#2873,#2874,#2875,#2876));
#2929=CLOSED_SHELL('',(#2877,#2878,#2879));
#2930=CLOSED_SHELL('',(#2880,#2881,#2882));
#2931=CLOSED_SHELL('',(#2883,#2884,#2885));
#2932=CLOSED_SHELL('',(#2886,#2887,#2888));
#2933=CLOSED_SHELL('',(#2889,#2890,#2891));
#2934=CLOSED_SHELL('',(#2892,#2893,#2894,#2895,#2896,#2897));
#2935=CLOSED_SHELL('',(#2898,#2899,#2900,#2901,#2902,#2903));
#2936=CLOSED_SHELL('',(#2904,#2905,#2906,#2907,#2908,#2909));
#2937=CLOSED_SHELL('',(#2910,#2911,#2912,#2913,#2914,#2915));
#2938=CLOSED_SHELL('',(#2916,#2917,#2918,#2919,#2920,#2921));
#2939=CLOSED_SHELL('',(#2922,#2923,#2924,#2925,#2926,#2927));
#2940=DERIVED_UNIT_ELEMENT(#2942,1.);
#2941=DERIVED_UNIT_ELEMENT(#4745,-3.);
#2942=(
MASS_UNIT()
NAMED_UNIT(*)
SI_UNIT(.KILO.,.GRAM.)
);
#2943=DERIVED_UNIT((#2940,#2941));
#2944=MEASURE_REPRESENTATION_ITEM('density measure',
POSITIVE_RATIO_MEASURE(7850.),#2943);
#2945=PROPERTY_DEFINITION_REPRESENTATION(#2950,#2947);
#2946=PROPERTY_DEFINITION_REPRESENTATION(#2951,#2948);
#2947=REPRESENTATION('material name',(#2949),#4742);
#2948=REPRESENTATION('density',(#2944),#4742);
#2949=DESCRIPTIVE_REPRESENTATION_ITEM('Steel','Steel');
#2950=PROPERTY_DEFINITION('material property','material name',#4752);
#2951=PROPERTY_DEFINITION('material property','density of part',#4752);
#2952=AXIS2_PLACEMENT_3D('',#3928,#3163,#3164);
#2953=AXIS2_PLACEMENT_3D('',#3929,#3165,#3166);
#2954=AXIS2_PLACEMENT_3D('',#3931,#3167,#3168);
#2955=AXIS2_PLACEMENT_3D('',#3934,#3170,#3171);
#2956=AXIS2_PLACEMENT_3D('',#3935,#3172,#3173);
#2957=AXIS2_PLACEMENT_3D('',#3936,#3174,#3175);
#2958=AXIS2_PLACEMENT_3D('',#3938,#3176,#3177);
#2959=AXIS2_PLACEMENT_3D('',#3941,#3179,#3180);
#2960=AXIS2_PLACEMENT_3D('',#3942,#3181,#3182);
#2961=AXIS2_PLACEMENT_3D('',#3943,#3183,#3184);
#2962=AXIS2_PLACEMENT_3D('',#3945,#3185,#3186);
#2963=AXIS2_PLACEMENT_3D('',#3948,#3188,#3189);
#2964=AXIS2_PLACEMENT_3D('',#3949,#3190,#3191);
#2965=AXIS2_PLACEMENT_3D('',#3950,#3192,#3193);
#2966=AXIS2_PLACEMENT_3D('',#3952,#3194,#3195);
#2967=AXIS2_PLACEMENT_3D('',#3955,#3197,#3198);
#2968=AXIS2_PLACEMENT_3D('',#3956,#3199,#3200);
#2969=AXIS2_PLACEMENT_3D('',#3957,#3201,#3202);
#2970=AXIS2_PLACEMENT_3D('',#3966,#3207,#3208);
#2971=AXIS2_PLACEMENT_3D('',#3972,#3212,#3213);
#2972=AXIS2_PLACEMENT_3D('',#3978,#3217,#3218);
#2973=AXIS2_PLACEMENT_3D('',#3981,#3221,#3222);
#2974=AXIS2_PLACEMENT_3D('',#3990,#3227,#3228);
#2975=AXIS2_PLACEMENT_3D('',#3996,#3232,#3233);
#2976=AXIS2_PLACEMENT_3D('',#4002,#3237,#3238);
#2977=AXIS2_PLACEMENT_3D('',#4005,#3241,#3242);
#2978=AXIS2_PLACEMENT_3D('',#4014,#3247,#3248);
#2979=AXIS2_PLACEMENT_3D('',#4020,#3252,#3253);
#2980=AXIS2_PLACEMENT_3D('',#4026,#3257,#3258);
#2981=AXIS2_PLACEMENT_3D('',#4029,#3261,#3262);
#2982=AXIS2_PLACEMENT_3D('',#4038,#3267,#3268);
#2983=AXIS2_PLACEMENT_3D('',#4044,#3272,#3273);
#2984=AXIS2_PLACEMENT_3D('',#4050,#3277,#3278);
#2985=AXIS2_PLACEMENT_3D('',#4053,#3281,#3282);
#2986=AXIS2_PLACEMENT_3D('',#4062,#3287,#3288);
#2987=AXIS2_PLACEMENT_3D('',#4071,#3293,#3294);
#2988=AXIS2_PLACEMENT_3D('',#4078,#3299,#3300);
#2989=AXIS2_PLACEMENT_3D('',#4080,#3302,#3303);
#2990=AXIS2_PLACEMENT_3D('',#4086,#3307,#3308);
#2991=AXIS2_PLACEMENT_3D('',#4107,#3319,#3320);
#2992=AXIS2_PLACEMENT_3D('',#4109,#3321,#3322);
#2993=AXIS2_PLACEMENT_3D('',#4111,#3323,#3324);
#2994=AXIS2_PLACEMENT_3D('',#4113,#3325,#3326);
#2995=AXIS2_PLACEMENT_3D('',#4114,#3327,#3328);
#2996=AXIS2_PLACEMENT_3D('',#4123,#3333,#3334);
#2997=AXIS2_PLACEMENT_3D('',#4128,#3338,#3339);
#2998=AXIS2_PLACEMENT_3D('',#4134,#3343,#3344);
#2999=AXIS2_PLACEMENT_3D('',#4136,#3346,#3347);
#3000=AXIS2_PLACEMENT_3D('',#4140,#3350,#3351);
#3001=AXIS2_PLACEMENT_3D('',#4144,#3354,#3355);
#3002=AXIS2_PLACEMENT_3D('',#4148,#3358,#3359);
#3003=AXIS2_PLACEMENT_3D('',#4152,#3362,#3363);
#3004=AXIS2_PLACEMENT_3D('',#4154,#3365,#3366);
#3005=AXIS2_PLACEMENT_3D('',#4160,#3370,#3371);
#3006=AXIS2_PLACEMENT_3D('',#4162,#3373,#3374);
#3007=AXIS2_PLACEMENT_3D('',#4164,#3376,#3377);
#3008=AXIS2_PLACEMENT_3D('',#4166,#3378,#3379);
#3009=AXIS2_PLACEMENT_3D('',#4168,#3381,#3382);
#3010=AXIS2_PLACEMENT_3D('',#4170,#3383,#3384);
#3011=AXIS2_PLACEMENT_3D('',#4172,#3386,#3387);
#3012=AXIS2_PLACEMENT_3D('',#4174,#3388,#3389);
#3013=AXIS2_PLACEMENT_3D('',#4176,#3391,#3392);
#3014=AXIS2_PLACEMENT_3D('',#4178,#3393,#3394);
#3015=AXIS2_PLACEMENT_3D('',#4180,#3396,#3397);
#3016=AXIS2_PLACEMENT_3D('',#4189,#3402,#3403);
#3017=AXIS2_PLACEMENT_3D('',#4195,#3407,#3408);
#3018=AXIS2_PLACEMENT_3D('',#4201,#3412,#3413);
#3019=AXIS2_PLACEMENT_3D('',#4204,#3416,#3417);
#3020=AXIS2_PLACEMENT_3D('',#4205,#3418,#3419);
#3021=AXIS2_PLACEMENT_3D('',#4218,#3426,#3427);
#3022=AXIS2_PLACEMENT_3D('',#4231,#3434,#3435);
#3023=AXIS2_PLACEMENT_3D('',#4233,#3436,#3437);
#3024=AXIS2_PLACEMENT_3D('',#4236,#3439,#3440);
#3025=AXIS2_PLACEMENT_3D('',#4237,#3441,#3442);
#3026=AXIS2_PLACEMENT_3D('',#4239,#3443,#3444);
#3027=AXIS2_PLACEMENT_3D('',#4242,#3446,#3447);
#3028=AXIS2_PLACEMENT_3D('',#4243,#3448,#3449);
#3029=AXIS2_PLACEMENT_3D('',#4245,#3450,#3451);
#3030=AXIS2_PLACEMENT_3D('',#4248,#3453,#3454);
#3031=AXIS2_PLACEMENT_3D('',#4249,#3455,#3456);
#3032=AXIS2_PLACEMENT_3D('',#4251,#3457,#3458);
#3033=AXIS2_PLACEMENT_3D('',#4254,#3460,#3461);
#3034=AXIS2_PLACEMENT_3D('',#4255,#3462,#3463);
#3035=AXIS2_PLACEMENT_3D('',#4257,#3464,#3465);
#3036=AXIS2_PLACEMENT_3D('',#4260,#3467,#3468);
#3037=AXIS2_PLACEMENT_3D('',#4261,#3469,#3470);
#3038=AXIS2_PLACEMENT_3D('',#4267,#3474,#3475);
#3039=AXIS2_PLACEMENT_3D('',#4273,#3479,#3480);
#3040=AXIS2_PLACEMENT_3D('',#4279,#3484,#3485);
#3041=AXIS2_PLACEMENT_3D('',#4285,#3489,#3490);
#3042=AXIS2_PLACEMENT_3D('',#4291,#3494,#3495);
#3043=AXIS2_PLACEMENT_3D('',#4297,#3499,#3500);
#3044=AXIS2_PLACEMENT_3D('',#4306,#3505,#3506);
#3045=AXIS2_PLACEMENT_3D('',#4312,#3510,#3511);
#3046=AXIS2_PLACEMENT_3D('',#4318,#3515,#3516);
#3047=AXIS2_PLACEMENT_3D('',#4320,#3518,#3519);
#3048=AXIS2_PLACEMENT_3D('',#4327,#3524,#3525);
#3049=AXIS2_PLACEMENT_3D('',#4330,#3528,#3529);
#3050=AXIS2_PLACEMENT_3D('',#4333,#3532,#3533);
#3051=AXIS2_PLACEMENT_3D('',#4342,#3538,#3539);
#3052=AXIS2_PLACEMENT_3D('',#4351,#3544,#3545);
#3053=AXIS2_PLACEMENT_3D('',#4354,#3548,#3549);
#3054=AXIS2_PLACEMENT_3D('',#4361,#3553,#3554);
#3055=AXIS2_PLACEMENT_3D('',#4362,#3555,#3556);
#3056=AXIS2_PLACEMENT_3D('',#4368,#3560,#3561);
#3057=AXIS2_PLACEMENT_3D('',#4377,#3566,#3567);
#3058=AXIS2_PLACEMENT_3D('',#4386,#3572,#3573);
#3059=AXIS2_PLACEMENT_3D('',#4389,#3576,#3577);
#3060=AXIS2_PLACEMENT_3D('',#4396,#3581,#3582);
#3061=AXIS2_PLACEMENT_3D('',#4397,#3583,#3584);
#3062=AXIS2_PLACEMENT_3D('',#4404,#3588,#3589);
#3063=AXIS2_PLACEMENT_3D('',#4405,#3590,#3591);
#3064=AXIS2_PLACEMENT_3D('',#4414,#3596,#3597);
#3065=AXIS2_PLACEMENT_3D('',#4423,#3602,#3603);
#3066=AXIS2_PLACEMENT_3D('',#4426,#3606,#3607);
#3067=AXIS2_PLACEMENT_3D('',#4433,#3611,#3612);
#3068=AXIS2_PLACEMENT_3D('',#4434,#3613,#3614);
#3069=AXIS2_PLACEMENT_3D('',#4441,#3618,#3619);
#3070=AXIS2_PLACEMENT_3D('',#4442,#3620,#3621);
#3071=AXIS2_PLACEMENT_3D('',#4444,#3622,#3623);
#3072=AXIS2_PLACEMENT_3D('',#4446,#3625,#3626);
#3073=AXIS2_PLACEMENT_3D('',#4447,#3627,#3628);
#3074=AXIS2_PLACEMENT_3D('',#4449,#3629,#3630);
#3075=AXIS2_PLACEMENT_3D('',#4451,#3632,#3633);
#3076=AXIS2_PLACEMENT_3D('',#4452,#3634,#3635);
#3077=AXIS2_PLACEMENT_3D('',#4454,#3636,#3637);
#3078=AXIS2_PLACEMENT_3D('',#4456,#3639,#3640);
#3079=AXIS2_PLACEMENT_3D('',#4457,#3641,#3642);
#3080=AXIS2_PLACEMENT_3D('',#4459,#3643,#3644);
#3081=AXIS2_PLACEMENT_3D('',#4461,#3646,#3647);
#3082=AXIS2_PLACEMENT_3D('',#4462,#3648,#3649);
#3083=AXIS2_PLACEMENT_3D('',#4464,#3650,#3651);
#3084=AXIS2_PLACEMENT_3D('',#4466,#3653,#3654);
#3085=AXIS2_PLACEMENT_3D('',#4467,#3655,#3656);
#3086=AXIS2_PLACEMENT_3D('',#4473,#3660,#3661);
#3087=AXIS2_PLACEMENT_3D('',#4482,#3666,#3667);
#3088=AXIS2_PLACEMENT_3D('',#4485,#3670,#3671);
#3089=AXIS2_PLACEMENT_3D('',#4491,#3675,#3676);
#3090=AXIS2_PLACEMENT_3D('',#4497,#3680,#3681);
#3091=AXIS2_PLACEMENT_3D('',#4503,#3685,#3686);
#3092=AXIS2_PLACEMENT_3D('',#4506,#3689,#3690);
#3093=AXIS2_PLACEMENT_3D('',#4512,#3694,#3695);
#3094=AXIS2_PLACEMENT_3D('',#4518,#3699,#3700);
#3095=AXIS2_PLACEMENT_3D('',#4521,#3703,#3704);
#3096=AXIS2_PLACEMENT_3D('',#4525,#3708,#3709);
#3097=AXIS2_PLACEMENT_3D('',#4527,#3711,#3712);
#3098=AXIS2_PLACEMENT_3D('',#4536,#3717,#3718);
#3099=AXIS2_PLACEMENT_3D('',#4539,#3721,#3722);
#3100=AXIS2_PLACEMENT_3D('',#4542,#3725,#3726);
#3101=AXIS2_PLACEMENT_3D('',#4543,#3727,#3728);
#3102=AXIS2_PLACEMENT_3D('',#4544,#3729,#3730);
#3103=AXIS2_PLACEMENT_3D('',#4546,#3731,#3732);
#3104=AXIS2_PLACEMENT_3D('',#4549,#3734,#3735);
#3105=AXIS2_PLACEMENT_3D('',#4550,#3736,#3737);
#3106=AXIS2_PLACEMENT_3D('',#4551,#3738,#3739);
#3107=AXIS2_PLACEMENT_3D('',#4552,#3740,#3741);
#3108=AXIS2_PLACEMENT_3D('',#4554,#3742,#3743);
#3109=AXIS2_PLACEMENT_3D('',#4557,#3745,#3746);
#3110=AXIS2_PLACEMENT_3D('',#4558,#3747,#3748);
#3111=AXIS2_PLACEMENT_3D('',#4559,#3749,#3750);
#3112=AXIS2_PLACEMENT_3D('',#4560,#3751,#3752);
#3113=AXIS2_PLACEMENT_3D('',#4562,#3753,#3754);
#3114=AXIS2_PLACEMENT_3D('',#4565,#3756,#3757);
#3115=AXIS2_PLACEMENT_3D('',#4566,#3758,#3759);
#3116=AXIS2_PLACEMENT_3D('',#4567,#3760,#3761);
#3117=AXIS2_PLACEMENT_3D('',#4568,#3762,#3763);
#3118=AXIS2_PLACEMENT_3D('',#4570,#3764,#3765);
#3119=AXIS2_PLACEMENT_3D('',#4573,#3767,#3768);
#3120=AXIS2_PLACEMENT_3D('',#4574,#3769,#3770);
#3121=AXIS2_PLACEMENT_3D('',#4575,#3771,#3772);
#3122=AXIS2_PLACEMENT_3D('',#4576,#3773,#3774);
#3123=AXIS2_PLACEMENT_3D('',#4578,#3775,#3776);
#3124=AXIS2_PLACEMENT_3D('',#4581,#3778,#3779);
#3125=AXIS2_PLACEMENT_3D('',#4582,#3780,#3781);
#3126=AXIS2_PLACEMENT_3D('',#4583,#3782,#3783);
#3127=AXIS2_PLACEMENT_3D('',#4584,#3784,#3785);
#3128=AXIS2_PLACEMENT_3D('',#4593,#3790,#3791);
#3129=AXIS2_PLACEMENT_3D('',#4599,#3795,#3796);
#3130=AXIS2_PLACEMENT_3D('',#4605,#3800,#3801);
#3131=AXIS2_PLACEMENT_3D('',#4608,#3804,#3805);
#3132=AXIS2_PLACEMENT_3D('',#4609,#3806,#3807);
#3133=AXIS2_PLACEMENT_3D('',#4610,#3808,#3809);
#3134=AXIS2_PLACEMENT_3D('',#4619,#3814,#3815);
#3135=AXIS2_PLACEMENT_3D('',#4625,#3819,#3820);
#3136=AXIS2_PLACEMENT_3D('',#4631,#3824,#3825);
#3137=AXIS2_PLACEMENT_3D('',#4634,#3828,#3829);
#3138=AXIS2_PLACEMENT_3D('',#4635,#3830,#3831);
#3139=AXIS2_PLACEMENT_3D('',#4636,#3832,#3833);
#3140=AXIS2_PLACEMENT_3D('',#4645,#3838,#3839);
#3141=AXIS2_PLACEMENT_3D('',#4651,#3843,#3844);
#3142=AXIS2_PLACEMENT_3D('',#4657,#3848,#3849);
#3143=AXIS2_PLACEMENT_3D('',#4660,#3852,#3853);
#3144=AXIS2_PLACEMENT_3D('',#4661,#3854,#3855);
#3145=AXIS2_PLACEMENT_3D('',#4662,#3856,#3857);
#3146=AXIS2_PLACEMENT_3D('',#4671,#3862,#3863);
#3147=AXIS2_PLACEMENT_3D('',#4677,#3867,#3868);
#3148=AXIS2_PLACEMENT_3D('',#4683,#3872,#3873);
#3149=AXIS2_PLACEMENT_3D('',#4686,#3876,#3877);
#3150=AXIS2_PLACEMENT_3D('',#4687,#3878,#3879);
#3151=AXIS2_PLACEMENT_3D('',#4688,#3880,#3881);
#3152=AXIS2_PLACEMENT_3D('',#4697,#3886,#3887);
#3153=AXIS2_PLACEMENT_3D('',#4703,#3891,#3892);
#3154=AXIS2_PLACEMENT_3D('',#4709,#3896,#3897);
#3155=AXIS2_PLACEMENT_3D('',#4712,#3900,#3901);
#3156=AXIS2_PLACEMENT_3D('',#4713,#3902,#3903);
#3157=AXIS2_PLACEMENT_3D('',#4714,#3904,#3905);
#3158=AXIS2_PLACEMENT_3D('',#4723,#3910,#3911);
#3159=AXIS2_PLACEMENT_3D('',#4729,#3915,#3916);
#3160=AXIS2_PLACEMENT_3D('',#4735,#3920,#3921);
#3161=AXIS2_PLACEMENT_3D('',#4738,#3924,#3925);
#3162=AXIS2_PLACEMENT_3D('',#4739,#3926,#3927);
#3163=DIRECTION('axis',(0.,0.,1.));
#3164=DIRECTION('refdir',(1.,0.,0.));
#3165=DIRECTION('center_axis',(0.,0.,-1.));
#3166=DIRECTION('ref_axis',(-1.,0.,0.));
#3167=DIRECTION('center_axis',(0.,0.,-1.));
#3168=DIRECTION('ref_axis',(-1.,0.,0.));
#3169=DIRECTION('',(0.,0.,-1.));
#3170=DIRECTION('center_axis',(0.,0.,-1.));
#3171=DIRECTION('ref_axis',(-1.,0.,0.));
#3172=DIRECTION('center_axis',(0.,0.,1.));
#3173=DIRECTION('ref_axis',(-1.,0.,0.));
#3174=DIRECTION('center_axis',(0.,0.,-1.));
#3175=DIRECTION('ref_axis',(-1.,0.,0.));
#3176=DIRECTION('center_axis',(0.,0.,-1.));
#3177=DIRECTION('ref_axis',(-1.,0.,0.));
#3178=DIRECTION('',(0.,0.,-1.));
#3179=DIRECTION('center_axis',(0.,0.,-1.));
#3180=DIRECTION('ref_axis',(-1.,0.,0.));
#3181=DIRECTION('center_axis',(0.,0.,1.));
#3182=DIRECTION('ref_axis',(-1.,0.,0.));
#3183=DIRECTION('center_axis',(0.,0.,-1.));
#3184=DIRECTION('ref_axis',(-1.,0.,0.));
#3185=DIRECTION('center_axis',(0.,0.,-1.));
#3186=DIRECTION('ref_axis',(-1.,0.,0.));
#3187=DIRECTION('',(0.,0.,-1.));
#3188=DIRECTION('center_axis',(0.,0.,-1.));
#3189=DIRECTION('ref_axis',(-1.,0.,0.));
#3190=DIRECTION('center_axis',(0.,0.,1.));
#3191=DIRECTION('ref_axis',(-1.,0.,0.));
#3192=DIRECTION('center_axis',(0.,0.,-1.));
#3193=DIRECTION('ref_axis',(-1.,0.,0.));
#3194=DIRECTION('center_axis',(0.,0.,-1.));
#3195=DIRECTION('ref_axis',(-1.,0.,0.));
#3196=DIRECTION('',(0.,0.,-1.));
#3197=DIRECTION('center_axis',(0.,0.,-1.));
#3198=DIRECTION('ref_axis',(-1.,0.,0.));
#3199=DIRECTION('center_axis',(0.,0.,1.));
#3200=DIRECTION('ref_axis',(-1.,0.,0.));
#3201=DIRECTION('center_axis',(-1.,0.,0.));
#3202=DIRECTION('ref_axis',(0.,1.,0.));
#3203=DIRECTION('',(0.,1.,0.));
#3204=DIRECTION('',(0.,0.,-1.));
#3205=DIRECTION('',(0.,-1.,0.));
#3206=DIRECTION('',(0.,0.,-1.));
#3207=DIRECTION('center_axis',(0.,-1.,0.));
#3208=DIRECTION('ref_axis',(-1.,0.,0.));
#3209=DIRECTION('',(-1.,0.,0.));
#3210=DIRECTION('',(0.,0.,-1.));
#3211=DIRECTION('',(1.,0.,0.));
#3212=DIRECTION('center_axis',(1.,0.,0.));
#3213=DIRECTION('ref_axis',(0.,-1.,0.));
#3214=DIRECTION('',(0.,-1.,0.));
#3215=DIRECTION('',(0.,0.,-1.));
#3216=DIRECTION('',(0.,1.,0.));
#3217=DIRECTION('center_axis',(0.,1.,0.));
#3218=DIRECTION('ref_axis',(1.,0.,0.));
#3219=DIRECTION('',(1.,0.,0.));
#3220=DIRECTION('',(-1.,0.,0.));
#3221=DIRECTION('center_axis',(-1.,0.,0.));
#3222=DIRECTION('ref_axis',(0.,1.,0.));
#3223=DIRECTION('',(0.,1.,0.));
#3224=DIRECTION('',(0.,0.,-1.));
#3225=DIRECTION('',(0.,-1.,0.));
#3226=DIRECTION('',(0.,0.,-1.));
#3227=DIRECTION('center_axis',(0.,-1.,0.));
#3228=DIRECTION('ref_axis',(-1.,0.,0.));
#3229=DIRECTION('',(-1.,0.,0.));
#3230=DIRECTION('',(0.,0.,-1.));
#3231=DIRECTION('',(1.,0.,0.));
#3232=DIRECTION('center_axis',(1.,0.,0.));
#3233=DIRECTION('ref_axis',(0.,-1.,0.));
#3234=DIRECTION('',(0.,-1.,0.));
#3235=DIRECTION('',(0.,0.,-1.));
#3236=DIRECTION('',(0.,1.,0.));
#3237=DIRECTION('center_axis',(0.,1.,0.));
#3238=DIRECTION('ref_axis',(1.,0.,0.));
#3239=DIRECTION('',(1.,0.,0.));
#3240=DIRECTION('',(-1.,0.,0.));
#3241=DIRECTION('center_axis',(-1.,0.,0.));
#3242=DIRECTION('ref_axis',(0.,1.,0.));
#3243=DIRECTION('',(0.,1.,0.));
#3244=DIRECTION('',(0.,0.,-1.));
#3245=DIRECTION('',(0.,-1.,0.));
#3246=DIRECTION('',(0.,0.,-1.));
#3247=DIRECTION('center_axis',(0.,-1.,0.));
#3248=DIRECTION('ref_axis',(-1.,0.,0.));
#3249=DIRECTION('',(-1.,0.,0.));
#3250=DIRECTION('',(0.,0.,-1.));
#3251=DIRECTION('',(1.,0.,0.));
#3252=DIRECTION('center_axis',(1.,0.,0.));
#3253=DIRECTION('ref_axis',(0.,-1.,0.));
#3254=DIRECTION('',(0.,-1.,0.));
#3255=DIRECTION('',(0.,0.,-1.));
#3256=DIRECTION('',(0.,1.,0.));
#3257=DIRECTION('center_axis',(0.,1.,0.));
#3258=DIRECTION('ref_axis',(1.,0.,0.));
#3259=DIRECTION('',(1.,0.,0.));
#3260=DIRECTION('',(-1.,0.,0.));
#3261=DIRECTION('center_axis',(-1.,0.,0.));
#3262=DIRECTION('ref_axis',(0.,1.,0.));
#3263=DIRECTION('',(0.,1.,0.));
#3264=DIRECTION('',(0.,0.,-1.));
#3265=DIRECTION('',(0.,-1.,0.));
#3266=DIRECTION('',(0.,0.,-1.));
#3267=DIRECTION('center_axis',(0.,-1.,0.));
#3268=DIRECTION('ref_axis',(-1.,0.,0.));
#3269=DIRECTION('',(-1.,0.,0.));
#3270=DIRECTION('',(0.,0.,-1.));
#3271=DIRECTION('',(1.,0.,0.));
#3272=DIRECTION('center_axis',(1.,0.,0.));
#3273=DIRECTION('ref_axis',(0.,-1.,0.));
#3274=DIRECTION('',(0.,-1.,0.));
#3275=DIRECTION('',(0.,0.,-1.));
#3276=DIRECTION('',(0.,1.,0.));
#3277=DIRECTION('center_axis',(0.,1.,0.));
#3278=DIRECTION('ref_axis',(1.,0.,0.));
#3279=DIRECTION('',(1.,0.,0.));
#3280=DIRECTION('',(-1.,0.,0.));
#3281=DIRECTION('center_axis',(0.,-1.,0.));
#3282=DIRECTION('ref_axis',(1.,0.,0.));
#3283=DIRECTION('',(-1.,0.,0.));
#3284=DIRECTION('',(0.,0.,1.));
#3285=DIRECTION('',(1.,0.,0.));
#3286=DIRECTION('',(0.,0.,1.));
#3287=DIRECTION('center_axis',(0.,1.,0.));
#3288=DIRECTION('ref_axis',(-1.,0.,0.));
#3289=DIRECTION('',(1.,0.,0.));
#3290=DIRECTION('',(0.,0.,1.));
#3291=DIRECTION('',(-1.,0.,0.));
#3292=DIRECTION('',(0.,0.,1.));
#3293=DIRECTION('center_axis',(1.,0.,0.));
#3294=DIRECTION('ref_axis',(0.,1.,0.));
#3295=DIRECTION('',(0.,-1.,0.));
#3296=DIRECTION('',(0.,0.,-1.));
#3297=DIRECTION('',(0.,1.,0.));
#3298=DIRECTION('',(0.,0.,1.));
#3299=DIRECTION('center_axis',(0.,0.,1.));
#3300=DIRECTION('ref_axis',(1.,0.,0.));
#3301=DIRECTION('',(0.,-1.,0.));
#3302=DIRECTION('center_axis',(0.,-1.,0.));
#3303=DIRECTION('ref_axis',(1.,0.,0.));
#3304=DIRECTION('',(1.,0.,0.));
#3305=DIRECTION('',(0.,0.,1.));
#3306=DIRECTION('',(1.,0.,0.));
#3307=DIRECTION('center_axis',(0.,0.,1.));
#3308=DIRECTION('ref_axis',(1.,0.,0.));
#3309=DIRECTION('',(1.,0.,0.));
#3310=DIRECTION('',(0.,-1.,0.));
#3311=DIRECTION('',(-1.,0.,0.));
#3312=DIRECTION('',(0.,-1.,0.));
#3313=DIRECTION('',(-1.,0.,0.));
#3314=DIRECTION('',(0.,1.,0.));
#3315=DIRECTION('',(-1.,0.,0.));
#3316=DIRECTION('',(0.,1.,0.));
#3317=DIRECTION('',(1.,0.,0.));
#3318=DIRECTION('',(0.,1.,0.));
#3319=DIRECTION('center_axis',(0.,0.,-1.));
#3320=DIRECTION('ref_axis',(1.,0.,0.));
#3321=DIRECTION('center_axis',(0.,0.,-1.));
#3322=DIRECTION('ref_axis',(1.,0.,0.));
#3323=DIRECTION('center_axis',(0.,0.,-1.));
#3324=DIRECTION('ref_axis',(1.,0.,0.));
#3325=DIRECTION('center_axis',(0.,0.,-1.));
#3326=DIRECTION('ref_axis',(1.,0.,0.));
#3327=DIRECTION('center_axis',(0.,-1.,0.));
#3328=DIRECTION('ref_axis',(1.,0.,0.));
#3329=DIRECTION('',(-1.,0.,0.));
#3330=DIRECTION('',(0.,0.,1.));
#3331=DIRECTION('',(1.,0.,0.));
#3332=DIRECTION('',(0.,0.,1.));
#3333=DIRECTION('center_axis',(-1.,0.,0.));
#3334=DIRECTION('ref_axis',(0.,-1.,0.));
#3335=DIRECTION('',(0.,0.,-1.));
#3336=DIRECTION('',(0.,-1.,0.));
#3337=DIRECTION('',(0.,0.,1.));
#3338=DIRECTION('center_axis',(0.,1.,0.));
#3339=DIRECTION('ref_axis',(-1.,0.,0.));
#3340=DIRECTION('',(1.,0.,0.));
#3341=DIRECTION('',(-1.,0.,0.));
#3342=DIRECTION('',(0.,0.,1.));
#3343=DIRECTION('center_axis',(0.,0.,1.));
#3344=DIRECTION('ref_axis',(1.,0.,0.));
#3345=DIRECTION('',(0.,1.,0.));
#3346=DIRECTION('center_axis',(0.,1.,0.));
#3347=DIRECTION('ref_axis',(-1.,0.,0.));
#3348=DIRECTION('',(0.,0.,1.));
#3349=DIRECTION('',(-1.,0.,0.));
#3350=DIRECTION('center_axis',(0.,1.,0.));
#3351=DIRECTION('ref_axis',(-1.,0.,0.));
#3352=DIRECTION('',(-1.,0.,0.));
#3353=DIRECTION('',(0.,0.,1.));
#3354=DIRECTION('center_axis',(1.,0.,0.));
#3355=DIRECTION('ref_axis',(0.,1.,0.));
#3356=DIRECTION('',(0.,1.,0.));
#3357=DIRECTION('',(0.,0.,1.));
#3358=DIRECTION('center_axis',(0.,-1.,0.));
#3359=DIRECTION('ref_axis',(1.,0.,0.));
#3360=DIRECTION('',(1.,0.,0.));
#3361=DIRECTION('',(0.,0.,1.));
#3362=DIRECTION('center_axis',(0.,0.,1.));
#3363=DIRECTION('ref_axis',(1.,0.,0.));
#3364=DIRECTION('',(0.,-1.,0.));
#3365=DIRECTION('center_axis',(0.,-1.,0.));
#3366=DIRECTION('ref_axis',(1.,0.,0.));
#3367=DIRECTION('',(0.,0.,1.));
#3368=DIRECTION('',(1.,0.,0.));
#3369=DIRECTION('',(0.,0.,1.));
#3370=DIRECTION('center_axis',(-1.,0.,0.));
#3371=DIRECTION('ref_axis',(0.,-1.,0.));
#3372=DIRECTION('',(0.,-1.,0.));
#3373=DIRECTION('center_axis',(0.,0.,1.));
#3374=DIRECTION('ref_axis',(1.,0.,0.));
#3375=DIRECTION('',(0.,1.,0.));
#3376=DIRECTION('center_axis',(0.,0.,1.));
#3377=DIRECTION('ref_axis',(1.,0.,0.));
#3378=DIRECTION('center_axis',(0.,0.,1.));
#3379=DIRECTION('ref_axis',(1.,0.,0.));
#3380=DIRECTION('',(0.,0.,1.));
#3381=DIRECTION('center_axis',(0.,0.,1.));
#3382=DIRECTION('ref_axis',(1.,0.,0.));
#3383=DIRECTION('center_axis',(0.,0.,1.));
#3384=DIRECTION('ref_axis',(1.,0.,0.));
#3385=DIRECTION('',(0.,0.,1.));
#3386=DIRECTION('center_axis',(0.,0.,1.));
#3387=DIRECTION('ref_axis',(1.,0.,0.));
#3388=DIRECTION('center_axis',(0.,0.,1.));
#3389=DIRECTION('ref_axis',(1.,0.,0.));
#3390=DIRECTION('',(0.,0.,1.));
#3391=DIRECTION('center_axis',(0.,0.,1.));
#3392=DIRECTION('ref_axis',(1.,0.,0.));
#3393=DIRECTION('center_axis',(0.,0.,1.));
#3394=DIRECTION('ref_axis',(1.,0.,0.));
#3395=DIRECTION('',(0.,0.,1.));
#3396=DIRECTION('center_axis',(0.,1.,0.));
#3397=DIRECTION('ref_axis',(-1.,0.,0.));
#3398=DIRECTION('',(-1.,0.,0.));
#3399=DIRECTION('',(0.,0.,1.));
#3400=DIRECTION('',(-1.,0.,0.));
#3401=DIRECTION('',(0.,0.,1.));
#3402=DIRECTION('center_axis',(1.,0.,0.));
#3403=DIRECTION('ref_axis',(0.,1.,0.));
#3404=DIRECTION('',(0.,1.,0.));
#3405=DIRECTION('',(0.,0.,1.));
#3406=DIRECTION('',(0.,1.,0.));
#3407=DIRECTION('center_axis',(0.,-1.,0.));
#3408=DIRECTION('ref_axis',(1.,0.,0.));
#3409=DIRECTION('',(1.,0.,0.));
#3410=DIRECTION('',(0.,0.,1.));
#3411=DIRECTION('',(1.,0.,0.));
#3412=DIRECTION('center_axis',(-1.,0.,0.));
#3413=DIRECTION('ref_axis',(0.,-1.,0.));
#3414=DIRECTION('',(0.,-1.,0.));
#3415=DIRECTION('',(0.,-1.,0.));
#3416=DIRECTION('center_axis',(0.,0.,1.));
#3417=DIRECTION('ref_axis',(1.,0.,0.));
#3418=DIRECTION('center_axis',(0.,0.,-1.));
#3419=DIRECTION('ref_axis',(-1.,0.,0.));
#3420=DIRECTION('',(0.,-1.,0.));
#3421=DIRECTION('',(-1.,0.,0.));
#3422=DIRECTION('',(0.,-1.,0.));
#3423=DIRECTION('',(-1.,0.,0.));
#3424=DIRECTION('',(0.,-1.,0.));
#3425=DIRECTION('',(-1.,0.,0.));
#3426=DIRECTION('center_axis',(0.,0.,-1.));
#3427=DIRECTION('ref_axis',(-1.,0.,0.));
#3428=DIRECTION('',(0.,1.,0.));
#3429=DIRECTION('',(1.,0.,0.));
#3430=DIRECTION('',(0.,1.,0.));
#3431=DIRECTION('',(1.,0.,0.));
#3432=DIRECTION('',(0.,1.,0.));
#3433=DIRECTION('',(-1.,0.,0.));
#3434=DIRECTION('center_axis',(-1.,0.,0.));
#3435=DIRECTION('ref_axis',(0.,1.,0.));
#3436=DIRECTION('center_axis',(-1.,0.,0.));
#3437=DIRECTION('ref_axis',(0.,1.,0.));
#3438=DIRECTION('',(-1.,0.,0.));
#3439=DIRECTION('center_axis',(1.,0.,0.));
#3440=DIRECTION('ref_axis',(0.,1.,0.));
#3441=DIRECTION('center_axis',(-1.,0.,0.));
#3442=DIRECTION('ref_axis',(0.,1.,0.));
#3443=DIRECTION('center_axis',(-1.,0.,0.));
#3444=DIRECTION('ref_axis',(0.,1.,0.));
#3445=DIRECTION('',(-1.,0.,0.));
#3446=DIRECTION('center_axis',(1.,0.,0.));
#3447=DIRECTION('ref_axis',(0.,1.,0.));
#3448=DIRECTION('center_axis',(-1.,0.,0.));
#3449=DIRECTION('ref_axis',(0.,1.,0.));
#3450=DIRECTION('center_axis',(-1.,0.,0.));
#3451=DIRECTION('ref_axis',(0.,1.,0.));
#3452=DIRECTION('',(-1.,0.,0.));
#3453=DIRECTION('center_axis',(1.,0.,0.));
#3454=DIRECTION('ref_axis',(0.,1.,0.));
#3455=DIRECTION('center_axis',(-1.,0.,0.));
#3456=DIRECTION('ref_axis',(0.,1.,0.));
#3457=DIRECTION('center_axis',(-1.,0.,0.));
#3458=DIRECTION('ref_axis',(0.,1.,0.));
#3459=DIRECTION('',(-1.,0.,0.));
#3460=DIRECTION('center_axis',(1.,0.,0.));
#3461=DIRECTION('ref_axis',(0.,1.,0.));
#3462=DIRECTION('center_axis',(-1.,0.,0.));
#3463=DIRECTION('ref_axis',(0.,1.,0.));
#3464=DIRECTION('center_axis',(-1.,0.,0.));
#3465=DIRECTION('ref_axis',(0.,1.,0.));
#3466=DIRECTION('',(-1.,0.,0.));
#3467=DIRECTION('center_axis',(1.,0.,0.));
#3468=DIRECTION('ref_axis',(0.,1.,0.));
#3469=DIRECTION('center_axis',(0.,-1.,0.));
#3470=DIRECTION('ref_axis',(0.,0.,-1.));
#3471=DIRECTION('',(0.,0.,1.));
#3472=DIRECTION('',(0.,0.,-1.));
#3473=DIRECTION('',(1.,0.,0.));
#3474=DIRECTION('center_axis',(0.,0.,1.));
#3475=DIRECTION('ref_axis',(0.,-1.,0.));
#3476=DIRECTION('',(0.,1.,0.));
#3477=DIRECTION('',(0.,-1.,0.));
#3478=DIRECTION('',(1.,0.,0.));
#3479=DIRECTION('center_axis',(-1.,0.,0.));
#3480=DIRECTION('ref_axis',(0.,1.,0.));
#3481=DIRECTION('',(0.,0.,-1.));
#3482=DIRECTION('',(0.,1.,0.));
#3483=DIRECTION('',(0.,0.,-1.));
#3484=DIRECTION('center_axis',(0.,-1.,0.));
#3485=DIRECTION('ref_axis',(0.,0.,1.));
#3486=DIRECTION('',(0.,0.,1.));
#3487=DIRECTION('',(0.,0.,-1.));
#3488=DIRECTION('',(-1.,0.,0.));
#3489=DIRECTION('center_axis',(0.,0.,1.));
#3490=DIRECTION('ref_axis',(0.,1.,0.));
#3491=DIRECTION('',(0.,1.,0.));
#3492=DIRECTION('',(0.,-1.,0.));
#3493=DIRECTION('',(-1.,0.,0.));
#3494=DIRECTION('center_axis',(1.,0.,0.));
#3495=DIRECTION('ref_axis',(0.,-1.,0.));
#3496=DIRECTION('',(0.,0.,-1.));
#3497=DIRECTION('',(0.,-1.,0.));
#3498=DIRECTION('',(0.,0.,-1.));
#3499=DIRECTION('center_axis',(-1.,0.,0.));
#3500=DIRECTION('ref_axis',(0.,1.,0.));
#3501=DIRECTION('',(0.,1.,0.));
#3502=DIRECTION('',(0.,0.,-1.));
#3503=DIRECTION('',(0.,1.,0.));
#3504=DIRECTION('',(0.,0.,-1.));
#3505=DIRECTION('center_axis',(0.,-1.,0.));
#3506=DIRECTION('ref_axis',(-1.,0.,0.));
#3507=DIRECTION('',(-1.,0.,0.));
#3508=DIRECTION('',(0.,0.,-1.));
#3509=DIRECTION('',(-1.,0.,0.));
#3510=DIRECTION('center_axis',(1.,0.,0.));
#3511=DIRECTION('ref_axis',(0.,-1.,0.));
#3512=DIRECTION('',(0.,-1.,0.));
#3513=DIRECTION('',(0.,0.,-1.));
#3514=DIRECTION('',(0.,-1.,0.));
#3515=DIRECTION('center_axis',(0.,0.,-1.));
#3516=DIRECTION('ref_axis',(-1.,0.,0.));
#3517=DIRECTION('',(1.,0.,0.));
#3518=DIRECTION('center_axis',(0.,0.,1.));
#3519=DIRECTION('ref_axis',(1.,0.,0.));
#3520=DIRECTION('',(1.,0.,0.));
#3521=DIRECTION('',(0.,-1.,0.));
#3522=DIRECTION('',(0.,1.,0.));
#3523=DIRECTION('',(1.,0.,0.));
#3524=DIRECTION('center_axis',(-1.,0.,0.));
#3525=DIRECTION('ref_axis',(0.,-1.,0.));
#3526=DIRECTION('',(0.,0.,-1.));
#3527=DIRECTION('',(0.,0.,1.));
#3528=DIRECTION('center_axis',(1.,0.,0.));
#3529=DIRECTION('ref_axis',(0.,1.,0.));
#3530=DIRECTION('',(0.,0.,-1.));
#3531=DIRECTION('',(0.,0.,1.));
#3532=DIRECTION('center_axis',(-1.,0.,0.));
#3533=DIRECTION('ref_axis',(0.,0.,-1.));
#3534=DIRECTION('',(0.,0.,1.));
#3535=DIRECTION('',(0.,-1.,0.));
#3536=DIRECTION('',(0.,0.,-1.));
#3537=DIRECTION('',(0.,-1.,0.));
#3538=DIRECTION('center_axis',(1.,0.,0.));
#3539=DIRECTION('ref_axis',(0.,0.,1.));
#3540=DIRECTION('',(0.,0.,-1.));
#3541=DIRECTION('',(0.,-1.,0.));
#3542=DIRECTION('',(0.,0.,1.));
#3543=DIRECTION('',(0.,-1.,0.));
#3544=DIRECTION('center_axis',(0.,-1.,0.));
#3545=DIRECTION('ref_axis',(0.,0.,-1.));
#3546=DIRECTION('',(-1.,0.,0.));
#3547=DIRECTION('',(1.,0.,0.));
#3548=DIRECTION('center_axis',(0.,-1.,0.));
#3549=DIRECTION('ref_axis',(1.,0.,0.));
#3550=DIRECTION('',(1.,0.,0.));
#3551=DIRECTION('',(0.,0.,-1.));
#3552=DIRECTION('',(1.,0.,0.));
#3553=DIRECTION('center_axis',(0.,1.,0.));
#3554=DIRECTION('ref_axis',(1.,0.,0.));
#3555=DIRECTION('center_axis',(0.,-1.,0.));
#3556=DIRECTION('ref_axis',(1.,0.,0.));
#3557=DIRECTION('',(1.,0.,0.));
#3558=DIRECTION('',(0.,0.,1.));
#3559=DIRECTION('',(1.,0.,0.));
#3560=DIRECTION('center_axis',(-1.,0.,0.));
#3561=DIRECTION('ref_axis',(0.,0.,-1.));
#3562=DIRECTION('',(0.,0.,1.));
#3563=DIRECTION('',(0.,-1.,0.));
#3564=DIRECTION('',(0.,0.,-1.));
#3565=DIRECTION('',(0.,-1.,0.));
#3566=DIRECTION('center_axis',(1.,0.,0.));
#3567=DIRECTION('ref_axis',(0.,0.,1.));
#3568=DIRECTION('',(0.,0.,-1.));
#3569=DIRECTION('',(0.,-1.,0.));
#3570=DIRECTION('',(0.,0.,1.));
#3571=DIRECTION('',(0.,-1.,0.));
#3572=DIRECTION('center_axis',(0.,-1.,0.));
#3573=DIRECTION('ref_axis',(0.,0.,-1.));
#3574=DIRECTION('',(1.,0.,0.));
#3575=DIRECTION('',(-1.,0.,0.));
#3576=DIRECTION('center_axis',(0.,-1.,0.));
#3577=DIRECTION('ref_axis',(1.,0.,0.));
#3578=DIRECTION('',(1.,0.,0.));
#3579=DIRECTION('',(0.,0.,-1.));
#3580=DIRECTION('',(1.,0.,0.));
#3581=DIRECTION('center_axis',(0.,1.,0.));
#3582=DIRECTION('ref_axis',(1.,0.,0.));
#3583=DIRECTION('center_axis',(0.,-1.,0.));
#3584=DIRECTION('ref_axis',(1.,0.,0.));
#3585=DIRECTION('',(1.,0.,0.));
#3586=DIRECTION('',(0.,0.,1.));
#3587=DIRECTION('',(1.,0.,0.));
#3588=DIRECTION('center_axis',(0.,1.,0.));
#3589=DIRECTION('ref_axis',(1.,0.,0.));
#3590=DIRECTION('center_axis',(1.,0.,0.));
#3591=DIRECTION('ref_axis',(0.,0.,1.));
#3592=DIRECTION('',(0.,0.,-1.));
#3593=DIRECTION('',(0.,-1.,0.));
#3594=DIRECTION('',(0.,0.,1.));
#3595=DIRECTION('',(0.,-1.,0.));
#3596=DIRECTION('center_axis',(-1.,0.,0.));
#3597=DIRECTION('ref_axis',(0.,0.,-1.));
#3598=DIRECTION('',(0.,0.,1.));
#3599=DIRECTION('',(0.,-1.,0.));
#3600=DIRECTION('',(0.,0.,-1.));
#3601=DIRECTION('',(0.,-1.,0.));
#3602=DIRECTION('center_axis',(0.,-1.,0.));
#3603=DIRECTION('ref_axis',(0.,0.,-1.));
#3604=DIRECTION('',(-1.,0.,0.));
#3605=DIRECTION('',(1.,0.,0.));
#3606=DIRECTION('center_axis',(0.,-1.,0.));
#3607=DIRECTION('ref_axis',(1.,0.,0.));
#3608=DIRECTION('',(1.,0.,0.));
#3609=DIRECTION('',(0.,0.,1.));
#3610=DIRECTION('',(1.,0.,0.));
#3611=DIRECTION('center_axis',(0.,1.,0.));
#3612=DIRECTION('ref_axis',(1.,0.,0.));
#3613=DIRECTION('center_axis',(0.,-1.,0.));
#3614=DIRECTION('ref_axis',(1.,0.,0.));
#3615=DIRECTION('',(1.,0.,0.));
#3616=DIRECTION('',(0.,0.,-1.));
#3617=DIRECTION('',(1.,0.,0.));
#3618=DIRECTION('center_axis',(0.,1.,0.));
#3619=DIRECTION('ref_axis',(1.,0.,0.));
#3620=DIRECTION('center_axis',(0.,-1.,0.));
#3621=DIRECTION('ref_axis',(1.,0.,0.));
#3622=DIRECTION('center_axis',(0.,-1.,0.));
#3623=DIRECTION('ref_axis',(1.,0.,0.));
#3624=DIRECTION('',(0.,1.,0.));
#3625=DIRECTION('center_axis',(0.,-1.,0.));
#3626=DIRECTION('ref_axis',(1.,0.,0.));
#3627=DIRECTION('center_axis',(0.,-1.,0.));
#3628=DIRECTION('ref_axis',(1.,0.,0.));
#3629=DIRECTION('center_axis',(0.,-1.,0.));
#3630=DIRECTION('ref_axis',(1.,0.,0.));
#3631=DIRECTION('',(0.,1.,0.));
#3632=DIRECTION('center_axis',(0.,-1.,0.));
#3633=DIRECTION('ref_axis',(1.,0.,0.));
#3634=DIRECTION('center_axis',(0.,-1.,0.));
#3635=DIRECTION('ref_axis',(1.,0.,0.));
#3636=DIRECTION('center_axis',(0.,-1.,0.));
#3637=DIRECTION('ref_axis',(1.,0.,0.));
#3638=DIRECTION('',(0.,1.,0.));
#3639=DIRECTION('center_axis',(0.,-1.,0.));
#3640=DIRECTION('ref_axis',(1.,0.,0.));
#3641=DIRECTION('center_axis',(0.,-1.,0.));
#3642=DIRECTION('ref_axis',(1.,0.,0.));
#3643=DIRECTION('center_axis',(0.,-1.,0.));
#3644=DIRECTION('ref_axis',(1.,0.,0.));
#3645=DIRECTION('',(0.,1.,0.));
#3646=DIRECTION('center_axis',(0.,-1.,0.));
#3647=DIRECTION('ref_axis',(1.,0.,0.));
#3648=DIRECTION('center_axis',(0.,-1.,0.));
#3649=DIRECTION('ref_axis',(1.,0.,0.));
#3650=DIRECTION('center_axis',(0.,-1.,0.));
#3651=DIRECTION('ref_axis',(1.,0.,0.));
#3652=DIRECTION('',(0.,1.,0.));
#3653=DIRECTION('center_axis',(0.,-1.,0.));
#3654=DIRECTION('ref_axis',(1.,0.,0.));
#3655=DIRECTION('center_axis',(1.,0.,0.));
#3656=DIRECTION('ref_axis',(0.,0.,1.));
#3657=DIRECTION('',(0.,-1.,0.));
#3658=DIRECTION('',(0.,0.,1.));
#3659=DIRECTION('',(0.,-1.,0.));
#3660=DIRECTION('center_axis',(-1.,0.,0.));
#3661=DIRECTION('ref_axis',(0.,0.,-1.));
#3662=DIRECTION('',(0.,0.,1.));
#3663=DIRECTION('',(0.,-1.,0.));
#3664=DIRECTION('',(0.,0.,-1.));
#3665=DIRECTION('',(0.,-1.,0.));
#3666=DIRECTION('center_axis',(0.,-1.,0.));
#3667=DIRECTION('ref_axis',(0.,0.,-1.));
#3668=DIRECTION('',(-1.,0.,0.));
#3669=DIRECTION('',(1.,0.,0.));
#3670=DIRECTION('center_axis',(0.,-1.,0.));
#3671=DIRECTION('ref_axis',(1.,0.,0.));
#3672=DIRECTION('',(1.,0.,0.));
#3673=DIRECTION('',(0.,0.,1.));
#3674=DIRECTION('',(1.,0.,0.));
#3675=DIRECTION('center_axis',(-1.,0.,0.));
#3676=DIRECTION('ref_axis',(0.,0.,-1.));
#3677=DIRECTION('',(0.,-1.,0.));
#3678=DIRECTION('',(0.,0.,-1.));
#3679=DIRECTION('',(0.,-1.,0.));
#3680=DIRECTION('center_axis',(1.,0.,0.));
#3681=DIRECTION('ref_axis',(0.,0.,1.));
#3682=DIRECTION('',(0.,-1.,0.));
#3683=DIRECTION('',(0.,0.,1.));
#3684=DIRECTION('',(0.,-1.,0.));
#3685=DIRECTION('center_axis',(0.,-1.,0.));
#3686=DIRECTION('ref_axis',(0.,0.,-1.));
#3687=DIRECTION('',(1.,0.,0.));
#3688=DIRECTION('',(-1.,0.,0.));
#3689=DIRECTION('center_axis',(-1.,0.,0.));
#3690=DIRECTION('ref_axis',(0.,0.,-1.));
#3691=DIRECTION('',(0.,-1.,0.));
#3692=DIRECTION('',(0.,0.,-1.));
#3693=DIRECTION('',(0.,-1.,0.));
#3694=DIRECTION('center_axis',(1.,0.,0.));
#3695=DIRECTION('ref_axis',(0.,0.,1.));
#3696=DIRECTION('',(0.,-1.,0.));
#3697=DIRECTION('',(0.,0.,1.));
#3698=DIRECTION('',(0.,-1.,0.));
#3699=DIRECTION('center_axis',(0.,-1.,0.));
#3700=DIRECTION('ref_axis',(0.,0.,-1.));
#3701=DIRECTION('',(1.,0.,0.));
#3702=DIRECTION('',(-1.,0.,0.));
#3703=DIRECTION('center_axis',(0.,1.,0.));
#3704=DIRECTION('ref_axis',(1.,0.,0.));
#3705=DIRECTION('',(0.,0.,-1.));
#3706=DIRECTION('',(1.,0.,0.));
#3707=DIRECTION('',(0.,0.,1.));
#3708=DIRECTION('center_axis',(0.,-1.,0.));
#3709=DIRECTION('ref_axis',(-1.,0.,0.));
#3710=DIRECTION('',(-1.,0.,0.));
#3711=DIRECTION('center_axis',(0.,1.,0.));
#3712=DIRECTION('ref_axis',(-1.,0.,0.));
#3713=DIRECTION('',(-1.,0.,0.));
#3714=DIRECTION('',(0.,0.,1.));
#3715=DIRECTION('',(-1.,0.,0.));
#3716=DIRECTION('',(0.,0.,1.));
#3717=DIRECTION('center_axis',(1.,0.,0.));
#3718=DIRECTION('ref_axis',(0.,1.,0.));
#3719=DIRECTION('',(0.,1.,0.));
#3720=DIRECTION('',(0.,1.,0.));
#3721=DIRECTION('center_axis',(-1.,0.,0.));
#3722=DIRECTION('ref_axis',(0.,-1.,0.));
#3723=DIRECTION('',(0.,-1.,0.));
#3724=DIRECTION('',(0.,-1.,0.));
#3725=DIRECTION('center_axis',(0.,0.,1.));
#3726=DIRECTION('ref_axis',(1.,0.,0.));
#3727=DIRECTION('center_axis',(0.,0.,1.));
#3728=DIRECTION('ref_axis',(1.,0.,0.));
#3729=DIRECTION('center_axis',(0.,1.,0.));
#3730=DIRECTION('ref_axis',(1.,0.,0.));
#3731=DIRECTION('center_axis',(0.,1.,0.));
#3732=DIRECTION('ref_axis',(1.,0.,0.));
#3733=DIRECTION('',(0.,-1.,0.));
#3734=DIRECTION('center_axis',(0.,-1.,0.));
#3735=DIRECTION('ref_axis',(1.,0.,0.));
#3736=DIRECTION('center_axis',(0.,1.,0.));
#3737=DIRECTION('ref_axis',(0.,0.,1.));
#3738=DIRECTION('center_axis',(0.,1.,0.));
#3739=DIRECTION('ref_axis',(0.,0.,1.));
#3740=DIRECTION('center_axis',(0.,1.,0.));
#3741=DIRECTION('ref_axis',(1.,0.,0.));
#3742=DIRECTION('center_axis',(0.,1.,0.));
#3743=DIRECTION('ref_axis',(1.,0.,0.));
#3744=DIRECTION('',(0.,-1.,0.));
#3745=DIRECTION('center_axis',(0.,-1.,0.));
#3746=DIRECTION('ref_axis',(1.,0.,0.));
#3747=DIRECTION('center_axis',(0.,1.,0.));
#3748=DIRECTION('ref_axis',(0.,0.,1.));
#3749=DIRECTION('center_axis',(0.,1.,0.));
#3750=DIRECTION('ref_axis',(0.,0.,1.));
#3751=DIRECTION('center_axis',(0.,1.,0.));
#3752=DIRECTION('ref_axis',(1.,0.,0.));
#3753=DIRECTION('center_axis',(0.,1.,0.));
#3754=DIRECTION('ref_axis',(1.,0.,0.));
#3755=DIRECTION('',(0.,-1.,0.));
#3756=DIRECTION('center_axis',(0.,-1.,0.));
#3757=DIRECTION('ref_axis',(1.,0.,0.));
#3758=DIRECTION('center_axis',(0.,1.,0.));
#3759=DIRECTION('ref_axis',(0.,0.,1.));
#3760=DIRECTION('center_axis',(0.,1.,0.));
#3761=DIRECTION('ref_axis',(0.,0.,1.));
#3762=DIRECTION('center_axis',(0.,1.,0.));
#3763=DIRECTION('ref_axis',(1.,0.,0.));
#3764=DIRECTION('center_axis',(0.,1.,0.));
#3765=DIRECTION('ref_axis',(1.,0.,0.));
#3766=DIRECTION('',(0.,-1.,0.));
#3767=DIRECTION('center_axis',(0.,-1.,0.));
#3768=DIRECTION('ref_axis',(1.,0.,0.));
#3769=DIRECTION('center_axis',(0.,1.,0.));
#3770=DIRECTION('ref_axis',(0.,0.,1.));
#3771=DIRECTION('center_axis',(0.,1.,0.));
#3772=DIRECTION('ref_axis',(0.,0.,1.));
#3773=DIRECTION('center_axis',(0.,1.,0.));
#3774=DIRECTION('ref_axis',(1.,0.,0.));
#3775=DIRECTION('center_axis',(0.,1.,0.));
#3776=DIRECTION('ref_axis',(1.,0.,0.));
#3777=DIRECTION('',(0.,-1.,0.));
#3778=DIRECTION('center_axis',(0.,-1.,0.));
#3779=DIRECTION('ref_axis',(1.,0.,0.));
#3780=DIRECTION('center_axis',(0.,1.,0.));
#3781=DIRECTION('ref_axis',(0.,0.,1.));
#3782=DIRECTION('center_axis',(0.,1.,0.));
#3783=DIRECTION('ref_axis',(0.,0.,1.));
#3784=DIRECTION('center_axis',(0.,0.,-1.));
#3785=DIRECTION('ref_axis',(-1.,0.,0.));
#3786=DIRECTION('',(1.,0.,0.));
#3787=DIRECTION('',(0.,1.,0.));
#3788=DIRECTION('',(-1.,0.,0.));
#3789=DIRECTION('',(0.,1.,0.));
#3790=DIRECTION('center_axis',(1.,0.,0.));
#3791=DIRECTION('ref_axis',(0.,0.,-1.));
#3792=DIRECTION('',(0.,0.,1.));
#3793=DIRECTION('',(0.,0.,-1.));
#3794=DIRECTION('',(0.,1.,0.));
#3795=DIRECTION('center_axis',(0.,0.,1.));
#3796=DIRECTION('ref_axis',(1.,0.,0.));
#3797=DIRECTION('',(-1.,0.,0.));
#3798=DIRECTION('',(1.,0.,0.));
#3799=DIRECTION('',(0.,1.,0.));
#3800=DIRECTION('center_axis',(-1.,0.,0.));
#3801=DIRECTION('ref_axis',(0.,0.,1.));
#3802=DIRECTION('',(0.,0.,-1.));
#3803=DIRECTION('',(0.,0.,1.));
#3804=DIRECTION('center_axis',(0.,1.,0.));
#3805=DIRECTION('ref_axis',(0.,0.,1.));
#3806=DIRECTION('center_axis',(0.,1.,0.));
#3807=DIRECTION('ref_axis',(0.,0.,1.));
#3808=DIRECTION('center_axis',(0.,0.,-1.));
#3809=DIRECTION('ref_axis',(-1.,0.,0.));
#3810=DIRECTION('',(1.,0.,0.));
#3811=DIRECTION('',(0.,1.,0.));
#3812=DIRECTION('',(-1.,0.,0.));
#3813=DIRECTION('',(0.,1.,0.));
#3814=DIRECTION('center_axis',(1.,0.,0.));
#3815=DIRECTION('ref_axis',(0.,0.,-1.));
#3816=DIRECTION('',(0.,0.,1.));
#3817=DIRECTION('',(0.,0.,-1.));
#3818=DIRECTION('',(0.,1.,0.));
#3819=DIRECTION('center_axis',(0.,0.,1.));
#3820=DIRECTION('ref_axis',(1.,0.,0.));
#3821=DIRECTION('',(-1.,0.,0.));
#3822=DIRECTION('',(1.,0.,0.));
#3823=DIRECTION('',(0.,1.,0.));
#3824=DIRECTION('center_axis',(-1.,0.,0.));
#3825=DIRECTION('ref_axis',(0.,0.,1.));
#3826=DIRECTION('',(0.,0.,-1.));
#3827=DIRECTION('',(0.,0.,1.));
#3828=DIRECTION('center_axis',(0.,1.,0.));
#3829=DIRECTION('ref_axis',(0.,0.,1.));
#3830=DIRECTION('center_axis',(0.,1.,0.));
#3831=DIRECTION('ref_axis',(0.,0.,1.));
#3832=DIRECTION('center_axis',(0.,0.,1.));
#3833=DIRECTION('ref_axis',(1.,0.,0.));
#3834=DIRECTION('',(-1.,0.,0.));
#3835=DIRECTION('',(0.,1.,0.));
#3836=DIRECTION('',(1.,0.,0.));
#3837=DIRECTION('',(0.,1.,0.));
#3838=DIRECTION('center_axis',(-1.,0.,0.));
#3839=DIRECTION('ref_axis',(0.,0.,1.));
#3840=DIRECTION('',(0.,0.,-1.));
#3841=DIRECTION('',(0.,0.,1.));
#3842=DIRECTION('',(0.,1.,0.));
#3843=DIRECTION('center_axis',(0.,0.,-1.));
#3844=DIRECTION('ref_axis',(-1.,0.,0.));
#3845=DIRECTION('',(1.,0.,0.));
#3846=DIRECTION('',(-1.,0.,0.));
#3847=DIRECTION('',(0.,1.,0.));
#3848=DIRECTION('center_axis',(1.,0.,0.));
#3849=DIRECTION('ref_axis',(0.,0.,-1.));
#3850=DIRECTION('',(0.,0.,1.));
#3851=DIRECTION('',(0.,0.,-1.));
#3852=DIRECTION('center_axis',(0.,1.,0.));
#3853=DIRECTION('ref_axis',(0.,0.,1.));
#3854=DIRECTION('center_axis',(0.,1.,0.));
#3855=DIRECTION('ref_axis',(0.,0.,1.));
#3856=DIRECTION('center_axis',(0.,0.,1.));
#3857=DIRECTION('ref_axis',(1.,0.,0.));
#3858=DIRECTION('',(-1.,0.,0.));
#3859=DIRECTION('',(0.,1.,0.));
#3860=DIRECTION('',(1.,0.,0.));
#3861=DIRECTION('',(0.,1.,0.));
#3862=DIRECTION('center_axis',(-1.,0.,0.));
#3863=DIRECTION('ref_axis',(0.,0.,1.));
#3864=DIRECTION('',(0.,0.,-1.));
#3865=DIRECTION('',(0.,0.,1.));
#3866=DIRECTION('',(0.,1.,0.));
#3867=DIRECTION('center_axis',(0.,0.,-1.));
#3868=DIRECTION('ref_axis',(-1.,0.,0.));
#3869=DIRECTION('',(1.,0.,0.));
#3870=DIRECTION('',(-1.,0.,0.));
#3871=DIRECTION('',(0.,1.,0.));
#3872=DIRECTION('center_axis',(1.,0.,0.));
#3873=DIRECTION('ref_axis',(0.,0.,-1.));
#3874=DIRECTION('',(0.,0.,1.));
#3875=DIRECTION('',(0.,0.,-1.));
#3876=DIRECTION('center_axis',(0.,1.,0.));
#3877=DIRECTION('ref_axis',(0.,0.,1.));
#3878=DIRECTION('center_axis',(0.,1.,0.));
#3879=DIRECTION('ref_axis',(0.,0.,1.));
#3880=DIRECTION('center_axis',(0.,0.,1.));
#3881=DIRECTION('ref_axis',(1.,0.,0.));
#3882=DIRECTION('',(-1.,0.,0.));
#3883=DIRECTION('',(0.,1.,0.));
#3884=DIRECTION('',(1.,0.,0.));
#3885=DIRECTION('',(0.,1.,0.));
#3886=DIRECTION('center_axis',(-1.,0.,0.));
#3887=DIRECTION('ref_axis',(0.,0.,1.));
#3888=DIRECTION('',(0.,0.,-1.));
#3889=DIRECTION('',(0.,0.,1.));
#3890=DIRECTION('',(0.,1.,0.));
#3891=DIRECTION('center_axis',(0.,0.,-1.));
#3892=DIRECTION('ref_axis',(-1.,0.,0.));
#3893=DIRECTION('',(1.,0.,0.));
#3894=DIRECTION('',(-1.,0.,0.));
#3895=DIRECTION('',(0.,1.,0.));
#3896=DIRECTION('center_axis',(1.,0.,0.));
#3897=DIRECTION('ref_axis',(0.,0.,-1.));
#3898=DIRECTION('',(0.,0.,1.));
#3899=DIRECTION('',(0.,0.,-1.));
#3900=DIRECTION('center_axis',(0.,1.,0.));
#3901=DIRECTION('ref_axis',(0.,0.,1.));
#3902=DIRECTION('center_axis',(0.,1.,0.));
#3903=DIRECTION('ref_axis',(0.,0.,1.));
#3904=DIRECTION('center_axis',(-1.,0.,0.));
#3905=DIRECTION('ref_axis',(0.,0.,1.));
#3906=DIRECTION('',(0.,0.,-1.));
#3907=DIRECTION('',(0.,1.,0.));
#3908=DIRECTION('',(0.,0.,1.));
#3909=DIRECTION('',(0.,1.,0.));
#3910=DIRECTION('center_axis',(0.,0.,-1.));
#3911=DIRECTION('ref_axis',(-1.,0.,0.));
#3912=DIRECTION('',(1.,0.,0.));
#3913=DIRECTION('',(-1.,0.,0.));
#3914=DIRECTION('',(0.,1.,0.));
#3915=DIRECTION('center_axis',(1.,0.,0.));
#3916=DIRECTION('ref_axis',(0.,0.,-1.));
#3917=DIRECTION('',(0.,0.,1.));
#3918=DIRECTION('',(0.,0.,-1.));
#3919=DIRECTION('',(0.,1.,0.));
#3920=DIRECTION('center_axis',(0.,0.,1.));
#3921=DIRECTION('ref_axis',(1.,0.,0.));
#3922=DIRECTION('',(-1.,0.,0.));
#3923=DIRECTION('',(1.,0.,0.));
#3924=DIRECTION('center_axis',(0.,1.,0.));
#3925=DIRECTION('ref_axis',(0.,0.,1.));
#3926=DIRECTION('center_axis',(0.,1.,0.));
#3927=DIRECTION('ref_axis',(0.,0.,1.));
#3928=CARTESIAN_POINT('',(0.,0.,0.));
#3929=CARTESIAN_POINT('Origin',(88.,152.5,35.));
#3930=CARTESIAN_POINT('',(89.7,152.5,35.));
#3931=CARTESIAN_POINT('Origin',(88.,152.5,35.));
#3932=CARTESIAN_POINT('',(89.7,152.5,29.));
#3933=CARTESIAN_POINT('',(89.7,152.5,35.));
#3934=CARTESIAN_POINT('Origin',(88.,152.5,29.));
#3935=CARTESIAN_POINT('Origin',(88.,152.5,29.));
#3936=CARTESIAN_POINT('Origin',(12.,2.5,35.));
#3937=CARTESIAN_POINT('',(13.7,2.5,35.));
#3938=CARTESIAN_POINT('Origin',(12.,2.5,35.));
#3939=CARTESIAN_POINT('',(13.7,2.5,29.));
#3940=CARTESIAN_POINT('',(13.7,2.5,35.));
#3941=CARTESIAN_POINT('Origin',(12.,2.5,29.));
#3942=CARTESIAN_POINT('Origin',(12.,2.5,29.));
#3943=CARTESIAN_POINT('Origin',(12.,152.5,35.));
#3944=CARTESIAN_POINT('',(13.7,152.5,35.));
#3945=CARTESIAN_POINT('Origin',(12.,152.5,35.));
#3946=CARTESIAN_POINT('',(13.7,152.5,29.));
#3947=CARTESIAN_POINT('',(13.7,152.5,35.));
#3948=CARTESIAN_POINT('Origin',(12.,152.5,29.));
#3949=CARTESIAN_POINT('Origin',(12.,152.5,29.));
#3950=CARTESIAN_POINT('Origin',(88.,2.5,35.));
#3951=CARTESIAN_POINT('',(89.7,2.5,35.));
#3952=CARTESIAN_POINT('Origin',(88.,2.5,35.));
#3953=CARTESIAN_POINT('',(89.7,2.5,29.));
#3954=CARTESIAN_POINT('',(89.7,2.5,35.));
#3955=CARTESIAN_POINT('Origin',(88.,2.5,29.));
#3956=CARTESIAN_POINT('Origin',(88.,2.5,29.));
#3957=CARTESIAN_POINT('Origin',(8.50000000000002,11.,5.));
#3958=CARTESIAN_POINT('',(8.50000000000002,11.,5.));
#3959=CARTESIAN_POINT('',(8.50000000000002,18.,5.));
#3960=CARTESIAN_POINT('',(8.50000000000002,44.25,5.));
#3961=CARTESIAN_POINT('',(8.50000000000002,11.,0.));
#3962=CARTESIAN_POINT('',(8.50000000000002,11.,5.));
#3963=CARTESIAN_POINT('',(8.50000000000002,18.,0.));
#3964=CARTESIAN_POINT('',(8.50000000000001,44.25,0.));
#3965=CARTESIAN_POINT('',(8.50000000000002,18.,5.));
#3966=CARTESIAN_POINT('Origin',(14.5,11.,5.));
#3967=CARTESIAN_POINT('',(14.5,11.,5.));
#3968=CARTESIAN_POINT('',(32.25,11.,5.));
#3969=CARTESIAN_POINT('',(14.5,11.,0.));
#3970=CARTESIAN_POINT('',(14.5,11.,5.));
#3971=CARTESIAN_POINT('',(32.25,11.,0.));
#3972=CARTESIAN_POINT('Origin',(14.5,18.,5.));
#3973=CARTESIAN_POINT('',(14.5,18.,5.));
#3974=CARTESIAN_POINT('',(14.5,47.75,5.));
#3975=CARTESIAN_POINT('',(14.5,18.,0.));
#3976=CARTESIAN_POINT('',(14.5,18.,5.));
#3977=CARTESIAN_POINT('',(14.5,47.75,0.));
#3978=CARTESIAN_POINT('Origin',(8.50000000000002,18.,5.));
#3979=CARTESIAN_POINT('',(29.25,18.,5.));
#3980=CARTESIAN_POINT('',(29.25,18.,0.));
#3981=CARTESIAN_POINT('Origin',(8.50000000000002,58.,5.));
#3982=CARTESIAN_POINT('',(8.50000000000002,58.,5.));
#3983=CARTESIAN_POINT('',(8.50000000000002,65.,5.));
#3984=CARTESIAN_POINT('',(8.50000000000002,67.75,5.));
#3985=CARTESIAN_POINT('',(8.50000000000002,58.,0.));
#3986=CARTESIAN_POINT('',(8.50000000000002,58.,5.));
#3987=CARTESIAN_POINT('',(8.50000000000002,65.,0.));
#3988=CARTESIAN_POINT('',(8.50000000000001,67.75,0.));
#3989=CARTESIAN_POINT('',(8.50000000000002,65.,5.));
#3990=CARTESIAN_POINT('Origin',(14.5,58.,5.));
#3991=CARTESIAN_POINT('',(14.5,58.,5.));
#3992=CARTESIAN_POINT('',(32.25,58.,5.));
#3993=CARTESIAN_POINT('',(14.5,58.,0.));
#3994=CARTESIAN_POINT('',(14.5,58.,5.));
#3995=CARTESIAN_POINT('',(32.25,58.,0.));
#3996=CARTESIAN_POINT('Origin',(14.5,65.,5.));
#3997=CARTESIAN_POINT('',(14.5,65.,5.));
#3998=CARTESIAN_POINT('',(14.5,71.25,5.));
#3999=CARTESIAN_POINT('',(14.5,65.,0.));
#4000=CARTESIAN_POINT('',(14.5,65.,5.));
#4001=CARTESIAN_POINT('',(14.5,71.25,0.));
#4002=CARTESIAN_POINT('Origin',(8.50000000000002,65.,5.));
#4003=CARTESIAN_POINT('',(29.25,65.,5.));
#4004=CARTESIAN_POINT('',(29.25,65.,0.));
#4005=CARTESIAN_POINT('Origin',(85.5,11.,5.));
#4006=CARTESIAN_POINT('',(85.5,11.,5.));
#4007=CARTESIAN_POINT('',(85.5,18.,5.));
#4008=CARTESIAN_POINT('',(85.5,44.25,5.));
#4009=CARTESIAN_POINT('',(85.5,11.,0.));
#4010=CARTESIAN_POINT('',(85.5,11.,5.));
#4011=CARTESIAN_POINT('',(85.5,18.,0.));
#4012=CARTESIAN_POINT('',(85.5,44.25,0.));
#4013=CARTESIAN_POINT('',(85.5,18.,5.));
#4014=CARTESIAN_POINT('Origin',(91.5,11.,5.));
#4015=CARTESIAN_POINT('',(91.5,11.,5.));
#4016=CARTESIAN_POINT('',(70.75,11.,5.));
#4017=CARTESIAN_POINT('',(91.5,11.,0.));
#4018=CARTESIAN_POINT('',(91.5,11.,5.));
#4019=CARTESIAN_POINT('',(70.75,11.,0.));
#4020=CARTESIAN_POINT('Origin',(91.5,18.,5.));
#4021=CARTESIAN_POINT('',(91.5,18.,5.));
#4022=CARTESIAN_POINT('',(91.5,47.75,5.));
#4023=CARTESIAN_POINT('',(91.5,18.,0.));
#4024=CARTESIAN_POINT('',(91.5,18.,5.));
#4025=CARTESIAN_POINT('',(91.5,47.75,0.));
#4026=CARTESIAN_POINT('Origin',(85.5,18.,5.));
#4027=CARTESIAN_POINT('',(67.75,18.,5.));
#4028=CARTESIAN_POINT('',(67.75,18.,0.));
#4029=CARTESIAN_POINT('Origin',(85.5,58.,5.));
#4030=CARTESIAN_POINT('',(85.5,58.,5.));
#4031=CARTESIAN_POINT('',(85.5,65.,5.));
#4032=CARTESIAN_POINT('',(85.5,67.75,5.));
#4033=CARTESIAN_POINT('',(85.5,58.,0.));
#4034=CARTESIAN_POINT('',(85.5,58.,5.));
#4035=CARTESIAN_POINT('',(85.5,65.,0.));
#4036=CARTESIAN_POINT('',(85.5,67.75,0.));
#4037=CARTESIAN_POINT('',(85.5,65.,5.));
#4038=CARTESIAN_POINT('Origin',(91.5,58.,5.));
#4039=CARTESIAN_POINT('',(91.5,58.,5.));
#4040=CARTESIAN_POINT('',(70.75,58.,5.));
#4041=CARTESIAN_POINT('',(91.5,58.,0.));
#4042=CARTESIAN_POINT('',(91.5,58.,5.));
#4043=CARTESIAN_POINT('',(70.75,58.,0.));
#4044=CARTESIAN_POINT('Origin',(91.5,65.,5.));
#4045=CARTESIAN_POINT('',(91.5,65.,5.));
#4046=CARTESIAN_POINT('',(91.5,71.25,5.));
#4047=CARTESIAN_POINT('',(91.5,65.,0.));
#4048=CARTESIAN_POINT('',(91.5,65.,5.));
#4049=CARTESIAN_POINT('',(91.5,71.25,0.));
#4050=CARTESIAN_POINT('Origin',(85.5,65.,5.));
#4051=CARTESIAN_POINT('',(67.75,65.,5.));
#4052=CARTESIAN_POINT('',(67.75,65.,0.));
#4053=CARTESIAN_POINT('Origin',(19.,31.,23.5));
#4054=CARTESIAN_POINT('',(21.,31.,28.5));
#4055=CARTESIAN_POINT('',(19.,31.,28.5));
#4056=CARTESIAN_POINT('',(19.,31.,28.5));
#4057=CARTESIAN_POINT('',(21.,31.,33.5));
#4058=CARTESIAN_POINT('',(21.,31.,23.5));
#4059=CARTESIAN_POINT('',(19.,31.,33.5));
#4060=CARTESIAN_POINT('',(19.,31.,33.5));
#4061=CARTESIAN_POINT('',(19.,31.,23.5));
#4062=CARTESIAN_POINT('Origin',(21.,64.,23.5));
#4063=CARTESIAN_POINT('',(19.,64.,28.));
#4064=CARTESIAN_POINT('',(21.,64.,28.));
#4065=CARTESIAN_POINT('',(19.,64.,28.));
#4066=CARTESIAN_POINT('',(19.,64.,33.5));
#4067=CARTESIAN_POINT('',(19.,64.,23.5));
#4068=CARTESIAN_POINT('',(21.,64.,33.5));
#4069=CARTESIAN_POINT('',(21.,64.,33.5));
#4070=CARTESIAN_POINT('',(21.,64.,23.5));
#4071=CARTESIAN_POINT('Origin',(21.,31.,23.5));
#4072=CARTESIAN_POINT('',(21.,64.,23.5));
#4073=CARTESIAN_POINT('',(21.,31.,23.5));
#4074=CARTESIAN_POINT('',(21.,32.75,23.5));
#4075=CARTESIAN_POINT('',(21.,64.,14.25));
#4076=CARTESIAN_POINT('',(21.,31.,33.5));
#4077=CARTESIAN_POINT('',(21.,31.,23.5));
#4078=CARTESIAN_POINT('Origin',(20.,47.5,33.5));
#4079=CARTESIAN_POINT('',(19.,64.,33.5));
#4080=CARTESIAN_POINT('Origin',(19.,64.,5.));
#4081=CARTESIAN_POINT('',(79.,64.,23.5));
#4082=CARTESIAN_POINT('',(34.5,64.,23.5));
#4083=CARTESIAN_POINT('',(79.,64.,28.));
#4084=CARTESIAN_POINT('',(79.,64.,14.25));
#4085=CARTESIAN_POINT('',(19.,64.,28.));
#4086=CARTESIAN_POINT('Origin',(50.,34.5,23.5));
#4087=CARTESIAN_POINT('',(35.75,31.,23.5));
#4088=CARTESIAN_POINT('',(42.875,31.,23.5));
#4089=CARTESIAN_POINT('',(35.75,9.5,23.5));
#4090=CARTESIAN_POINT('',(35.75,22.,23.5));
#4091=CARTESIAN_POINT('',(19.,9.5,23.5));
#4092=CARTESIAN_POINT('',(34.5,9.5,23.5));
#4093=CARTESIAN_POINT('',(19.,5.,23.5));
#4094=CARTESIAN_POINT('',(19.,64.,23.5));
#4095=CARTESIAN_POINT('',(81.,5.,23.5));
#4096=CARTESIAN_POINT('',(73.,5.,23.5));
#4097=CARTESIAN_POINT('',(81.,9.5,23.5));
#4098=CARTESIAN_POINT('',(81.,5.,23.5));
#4099=CARTESIAN_POINT('',(64.25,9.5,23.5));
#4100=CARTESIAN_POINT('',(57.125,9.5,23.5));
#4101=CARTESIAN_POINT('',(64.25,31.,23.5));
#4102=CARTESIAN_POINT('',(64.25,32.75,23.5));
#4103=CARTESIAN_POINT('',(79.,31.,23.5));
#4104=CARTESIAN_POINT('',(65.5,31.,23.5));
#4105=CARTESIAN_POINT('',(79.,49.25,23.5));
#4106=CARTESIAN_POINT('',(60.5,44.,23.5));
#4107=CARTESIAN_POINT('Origin',(62.,44.,23.5));
#4108=CARTESIAN_POINT('',(60.5,15.,23.5));
#4109=CARTESIAN_POINT('Origin',(62.,15.,23.5));
#4110=CARTESIAN_POINT('',(36.5,44.,23.5));
#4111=CARTESIAN_POINT('Origin',(38.,44.,23.5));
#4112=CARTESIAN_POINT('',(36.5,15.,23.5));
#4113=CARTESIAN_POINT('Origin',(38.,15.,23.5));
#4114=CARTESIAN_POINT('Origin',(79.,31.,23.5));
#4115=CARTESIAN_POINT('',(81.,31.,28.5));
#4116=CARTESIAN_POINT('',(79.,31.,28.5));
#4117=CARTESIAN_POINT('',(64.25,31.,28.5));
#4118=CARTESIAN_POINT('',(81.,31.,33.5));
#4119=CARTESIAN_POINT('',(81.,31.,23.5));
#4120=CARTESIAN_POINT('',(79.,31.,33.5));
#4121=CARTESIAN_POINT('',(81.,31.,33.5));
#4122=CARTESIAN_POINT('',(79.,31.,23.5));
#4123=CARTESIAN_POINT('Origin',(79.,64.,23.5));
#4124=CARTESIAN_POINT('',(79.,31.,23.5));
#4125=CARTESIAN_POINT('',(79.,64.,33.5));
#4126=CARTESIAN_POINT('',(79.,31.,33.5));
#4127=CARTESIAN_POINT('',(79.,64.,23.5));
#4128=CARTESIAN_POINT('Origin',(81.,64.,23.5));
#4129=CARTESIAN_POINT('',(81.,64.,28.));
#4130=CARTESIAN_POINT('',(19.,64.,28.));
#4131=CARTESIAN_POINT('',(81.,64.,33.5));
#4132=CARTESIAN_POINT('',(79.,64.,33.5));
#4133=CARTESIAN_POINT('',(81.,64.,23.5));
#4134=CARTESIAN_POINT('Origin',(80.,47.5,33.5));
#4135=CARTESIAN_POINT('',(81.,64.,33.5));
#4136=CARTESIAN_POINT('Origin',(81.,31.,23.5));
#4137=CARTESIAN_POINT('',(64.25,31.,28.5));
#4138=CARTESIAN_POINT('',(64.25,31.,23.5));
#4139=CARTESIAN_POINT('',(64.25,31.,28.5));
#4140=CARTESIAN_POINT('Origin',(35.75,31.,23.5));
#4141=CARTESIAN_POINT('',(35.75,31.,28.5));
#4142=CARTESIAN_POINT('',(19.,31.,28.5));
#4143=CARTESIAN_POINT('',(35.75,31.,23.5));
#4144=CARTESIAN_POINT('Origin',(35.75,9.5,23.5));
#4145=CARTESIAN_POINT('',(35.75,9.5,28.5));
#4146=CARTESIAN_POINT('',(35.75,31.,28.5));
#4147=CARTESIAN_POINT('',(35.75,9.5,23.5));
#4148=CARTESIAN_POINT('Origin',(19.,9.5,23.5));
#4149=CARTESIAN_POINT('',(19.,9.5,28.5));
#4150=CARTESIAN_POINT('',(35.75,9.5,28.5));
#4151=CARTESIAN_POINT('',(19.,9.5,23.5));
#4152=CARTESIAN_POINT('Origin',(27.375,20.25,28.5));
#4153=CARTESIAN_POINT('',(19.,9.5,28.5));
#4154=CARTESIAN_POINT('Origin',(64.25,9.5,23.5));
#4155=CARTESIAN_POINT('',(81.,9.5,28.5));
#4156=CARTESIAN_POINT('',(81.,9.5,23.5));
#4157=CARTESIAN_POINT('',(64.25,9.5,28.5));
#4158=CARTESIAN_POINT('',(81.,9.5,28.5));
#4159=CARTESIAN_POINT('',(64.25,9.5,23.5));
#4160=CARTESIAN_POINT('Origin',(64.25,31.,23.5));
#4161=CARTESIAN_POINT('',(64.25,9.5,28.5));
#4162=CARTESIAN_POINT('Origin',(72.625,20.25,28.5));
#4163=CARTESIAN_POINT('',(81.,31.,28.5));
#4164=CARTESIAN_POINT('Origin',(38.,15.,18.5));
#4165=CARTESIAN_POINT('',(36.5,15.,18.5));
#4166=CARTESIAN_POINT('Origin',(38.,15.,18.5));
#4167=CARTESIAN_POINT('',(36.5,15.,18.5));
#4168=CARTESIAN_POINT('Origin',(38.,44.,18.5));
#4169=CARTESIAN_POINT('',(36.5,44.,18.5));
#4170=CARTESIAN_POINT('Origin',(38.,44.,18.5));
#4171=CARTESIAN_POINT('',(36.5,44.,18.5));
#4172=CARTESIAN_POINT('Origin',(62.,15.,18.5));
#4173=CARTESIAN_POINT('',(60.5,15.,18.5));
#4174=CARTESIAN_POINT('Origin',(62.,15.,18.5));
#4175=CARTESIAN_POINT('',(60.5,15.,18.5));
#4176=CARTESIAN_POINT('Origin',(62.,44.,18.5));
#4177=CARTESIAN_POINT('',(60.5,44.,18.5));
#4178=CARTESIAN_POINT('Origin',(62.,44.,18.5));
#4179=CARTESIAN_POINT('',(60.5,44.,18.5));
#4180=CARTESIAN_POINT('Origin',(78.,64.,0.));
#4181=CARTESIAN_POINT('',(78.,64.,0.));
#4182=CARTESIAN_POINT('',(22.,64.,0.));
#4183=CARTESIAN_POINT('',(64.,64.,0.));
#4184=CARTESIAN_POINT('',(78.,64.,18.5));
#4185=CARTESIAN_POINT('',(78.,64.,0.));
#4186=CARTESIAN_POINT('',(22.,64.,18.5));
#4187=CARTESIAN_POINT('',(22.,64.,18.5));
#4188=CARTESIAN_POINT('',(22.,64.,0.));
#4189=CARTESIAN_POINT('Origin',(78.,5.,0.));
#4190=CARTESIAN_POINT('',(78.,5.,0.));
#4191=CARTESIAN_POINT('',(78.,41.25,0.));
#4192=CARTESIAN_POINT('',(78.,5.,18.5));
#4193=CARTESIAN_POINT('',(78.,5.,0.));
#4194=CARTESIAN_POINT('',(78.,64.,18.5));
#4195=CARTESIAN_POINT('Origin',(22.,5.,0.));
#4196=CARTESIAN_POINT('',(22.,5.,0.));
#4197=CARTESIAN_POINT('',(36.,5.,0.));
#4198=CARTESIAN_POINT('',(22.,5.,18.5));
#4199=CARTESIAN_POINT('',(22.,5.,0.));
#4200=CARTESIAN_POINT('',(78.,5.,18.5));
#4201=CARTESIAN_POINT('Origin',(22.,64.,0.));
#4202=CARTESIAN_POINT('',(22.,70.75,0.));
#4203=CARTESIAN_POINT('',(22.,5.,18.5));
#4204=CARTESIAN_POINT('Origin',(50.,34.5,18.5));
#4205=CARTESIAN_POINT('Origin',(50.,77.5,5.));
#4206=CARTESIAN_POINT('',(81.,150.,5.));
#4207=CARTESIAN_POINT('',(81.,5.,5.));
#4208=CARTESIAN_POINT('',(81.,41.25,5.));
#4209=CARTESIAN_POINT('',(96.,5.,5.));
#4210=CARTESIAN_POINT('',(96.,5.,5.));
#4211=CARTESIAN_POINT('',(96.,84.,5.));
#4212=CARTESIAN_POINT('',(96.,150.,5.));
#4213=CARTESIAN_POINT('',(100.,84.,5.));
#4214=CARTESIAN_POINT('',(100.,84.,5.));
#4215=CARTESIAN_POINT('',(100.,150.,5.));
#4216=CARTESIAN_POINT('',(100.,75.,5.));
#4217=CARTESIAN_POINT('',(100.,150.,5.));
#4218=CARTESIAN_POINT('Origin',(50.,77.5,5.));
#4219=CARTESIAN_POINT('',(19.,5.,5.));
#4220=CARTESIAN_POINT('',(19.,150.,5.));
#4221=CARTESIAN_POINT('',(19.,70.75,5.));
#4222=CARTESIAN_POINT('',(0.,150.,5.));
#4223=CARTESIAN_POINT('',(4.,150.,5.));
#4224=CARTESIAN_POINT('',(0.,84.,5.));
#4225=CARTESIAN_POINT('',(0.,119.5,5.));
#4226=CARTESIAN_POINT('',(4.,84.,5.));
#4227=CARTESIAN_POINT('',(0.,84.,5.));
#4228=CARTESIAN_POINT('',(4.,5.,5.));
#4229=CARTESIAN_POINT('',(4.,5.,5.));
#4230=CARTESIAN_POINT('',(96.,5.,5.));
#4231=CARTESIAN_POINT('Origin',(81.,127.9,16.));
#4232=CARTESIAN_POINT('',(81.,125.4,16.));
#4233=CARTESIAN_POINT('Origin',(81.,127.9,16.));
#4234=CARTESIAN_POINT('',(19.,125.4,16.));
#4235=CARTESIAN_POINT('',(81.,125.4,16.));
#4236=CARTESIAN_POINT('Origin',(19.,127.9,16.));
#4237=CARTESIAN_POINT('Origin',(81.,118.9,7.5));
#4238=CARTESIAN_POINT('',(81.,117.65,7.5));
#4239=CARTESIAN_POINT('Origin',(81.,118.9,7.5));
#4240=CARTESIAN_POINT('',(19.,117.65,7.5));
#4241=CARTESIAN_POINT('',(81.,117.65,7.5));
#4242=CARTESIAN_POINT('Origin',(19.,118.9,7.5));
#4243=CARTESIAN_POINT('Origin',(81.,118.9,25.5));
#4244=CARTESIAN_POINT('',(81.,117.65,25.5));
#4245=CARTESIAN_POINT('Origin',(81.,118.9,25.5));
#4246=CARTESIAN_POINT('',(78.,117.65,25.5));
#4247=CARTESIAN_POINT('',(81.,117.65,25.5));
#4248=CARTESIAN_POINT('Origin',(78.,118.9,25.5));
#4249=CARTESIAN_POINT('Origin',(81.,118.9,25.5));
#4250=CARTESIAN_POINT('',(22.,117.65,25.5));
#4251=CARTESIAN_POINT('Origin',(22.,118.9,25.5));
#4252=CARTESIAN_POINT('',(19.,117.65,25.5));
#4253=CARTESIAN_POINT('',(81.,117.65,25.5));
#4254=CARTESIAN_POINT('Origin',(19.,118.9,25.5));
#4255=CARTESIAN_POINT('Origin',(81.,139.,16.));
#4256=CARTESIAN_POINT('',(81.,135.4,16.));
#4257=CARTESIAN_POINT('Origin',(81.,139.,16.));
#4258=CARTESIAN_POINT('',(19.,135.4,16.));
#4259=CARTESIAN_POINT('',(81.,135.4,16.));
#4260=CARTESIAN_POINT('Origin',(19.,139.,16.));
#4261=CARTESIAN_POINT('Origin',(0.,84.,28.));
#4262=CARTESIAN_POINT('',(4.,84.,28.));
#4263=CARTESIAN_POINT('',(4.,84.,31.5));
#4264=CARTESIAN_POINT('',(0.,84.,28.));
#4265=CARTESIAN_POINT('',(0.,84.,14.));
#4266=CARTESIAN_POINT('',(0.,84.,28.));
#4267=CARTESIAN_POINT('Origin',(0.,150.,28.));
#4268=CARTESIAN_POINT('',(4.,150.,28.));
#4269=CARTESIAN_POINT('',(4.,77.5,28.));
#4270=CARTESIAN_POINT('',(0.,150.,28.));
#4271=CARTESIAN_POINT('',(0.,152.5,28.));
#4272=CARTESIAN_POINT('',(0.,150.,28.));
#4273=CARTESIAN_POINT('Origin',(4.,5.,35.));
#4274=CARTESIAN_POINT('',(4.,150.,35.));
#4275=CARTESIAN_POINT('',(4.,150.,35.));
#4276=CARTESIAN_POINT('',(4.,5.,35.));
#4277=CARTESIAN_POINT('',(4.,41.25,35.));
#4278=CARTESIAN_POINT('',(4.,5.,35.));
#4279=CARTESIAN_POINT('Origin',(100.,84.,5.));
#4280=CARTESIAN_POINT('',(100.,84.,28.));
#4281=CARTESIAN_POINT('',(100.,84.,2.5));
#4282=CARTESIAN_POINT('',(96.,84.,28.));
#4283=CARTESIAN_POINT('',(96.,84.,20.));
#4284=CARTESIAN_POINT('',(100.,84.,28.));
#4285=CARTESIAN_POINT('Origin',(100.,84.,28.));
#4286=CARTESIAN_POINT('',(100.,150.,28.));
#4287=CARTESIAN_POINT('',(100.,42.,28.));
#4288=CARTESIAN_POINT('',(96.,150.,28.));
#4289=CARTESIAN_POINT('',(96.,117.,28.));
#4290=CARTESIAN_POINT('',(100.,150.,28.));
#4291=CARTESIAN_POINT('Origin',(96.,150.,35.));
#4292=CARTESIAN_POINT('',(96.,5.,35.));
#4293=CARTESIAN_POINT('',(96.,5.,35.));
#4294=CARTESIAN_POINT('',(96.,150.,35.));
#4295=CARTESIAN_POINT('',(96.,113.75,35.));
#4296=CARTESIAN_POINT('',(96.,150.,35.));
#4297=CARTESIAN_POINT('Origin',(22.,67.,28.));
#4298=CARTESIAN_POINT('',(22.,67.,28.));
#4299=CARTESIAN_POINT('',(22.,150.,28.));
#4300=CARTESIAN_POINT('',(22.,87.,28.));
#4301=CARTESIAN_POINT('',(22.,67.,22.));
#4302=CARTESIAN_POINT('',(22.,67.,28.));
#4303=CARTESIAN_POINT('',(22.,150.,22.));
#4304=CARTESIAN_POINT('',(22.,67.,22.));
#4305=CARTESIAN_POINT('',(22.,150.,28.));
#4306=CARTESIAN_POINT('Origin',(78.,67.,28.));
#4307=CARTESIAN_POINT('',(78.,67.,28.));
#4308=CARTESIAN_POINT('',(64.,67.,28.));
#4309=CARTESIAN_POINT('',(78.,67.,22.));
#4310=CARTESIAN_POINT('',(78.,67.,28.));
#4311=CARTESIAN_POINT('',(78.,67.,22.));
#4312=CARTESIAN_POINT('Origin',(78.,150.,28.));
#4313=CARTESIAN_POINT('',(78.,150.,28.));
#4314=CARTESIAN_POINT('',(78.,128.5,28.));
#4315=CARTESIAN_POINT('',(78.,150.,22.));
#4316=CARTESIAN_POINT('',(78.,150.,28.));
#4317=CARTESIAN_POINT('',(78.,150.,22.));
#4318=CARTESIAN_POINT('Origin',(50.,108.5,22.));
#4319=CARTESIAN_POINT('',(22.,150.,22.));
#4320=CARTESIAN_POINT('Origin',(50.,107.,28.));
#4321=CARTESIAN_POINT('',(19.,150.,28.));
#4322=CARTESIAN_POINT('',(27.,150.,28.));
#4323=CARTESIAN_POINT('',(19.,150.,28.));
#4324=CARTESIAN_POINT('',(81.,150.,28.));
#4325=CARTESIAN_POINT('',(81.,64.,28.));
#4326=CARTESIAN_POINT('',(27.,150.,28.));
#4327=CARTESIAN_POINT('Origin',(19.,150.,5.));
#4328=CARTESIAN_POINT('',(19.,5.,20.));
#4329=CARTESIAN_POINT('',(19.,150.,20.));
#4330=CARTESIAN_POINT('Origin',(81.,64.,5.));
#4331=CARTESIAN_POINT('',(81.,150.,20.));
#4332=CARTESIAN_POINT('',(81.,5.,20.));
#4333=CARTESIAN_POINT('Origin',(90.5,0.,35.));
#4334=CARTESIAN_POINT('',(90.5,0.,0.));
#4335=CARTESIAN_POINT('',(90.5,0.,35.));
#4336=CARTESIAN_POINT('',(90.5,0.,17.5));
#4337=CARTESIAN_POINT('',(90.5,-5.,0.));
#4338=CARTESIAN_POINT('',(90.5,0.,0.));
#4339=CARTESIAN_POINT('',(90.5,-5.,35.));
#4340=CARTESIAN_POINT('',(90.5,-5.,35.));
#4341=CARTESIAN_POINT('',(90.5,0.,35.));
#4342=CARTESIAN_POINT('Origin',(93.,0.,0.));
#4343=CARTESIAN_POINT('',(93.,0.,35.));
#4344=CARTESIAN_POINT('',(93.,0.,0.));
#4345=CARTESIAN_POINT('',(93.,0.,0.));
#4346=CARTESIAN_POINT('',(93.,-5.,35.));
#4347=CARTESIAN_POINT('',(93.,0.,35.));
#4348=CARTESIAN_POINT('',(93.,-5.,0.));
#4349=CARTESIAN_POINT('',(93.,-5.,0.));
#4350=CARTESIAN_POINT('',(93.,0.,0.));
#4351=CARTESIAN_POINT('Origin',(91.75,-5.,17.5));
#4352=CARTESIAN_POINT('',(93.,-5.,35.));
#4353=CARTESIAN_POINT('',(90.5,-5.,0.));
#4354=CARTESIAN_POINT('Origin',(0.,0.,0.));
#4355=CARTESIAN_POINT('',(76.3,0.,35.));
#4356=CARTESIAN_POINT('',(0.,0.,35.));
#4357=CARTESIAN_POINT('',(76.3,0.,0.));
#4358=CARTESIAN_POINT('',(76.3,0.,0.));
#4359=CARTESIAN_POINT('',(0.,0.,0.));
#4360=CARTESIAN_POINT('',(81.975,0.,24.));
#4361=CARTESIAN_POINT('Origin',(83.4,0.,24.));
#4362=CARTESIAN_POINT('Origin',(0.,0.,0.));
#4363=CARTESIAN_POINT('',(100.,0.,0.));
#4364=CARTESIAN_POINT('',(0.,0.,0.));
#4365=CARTESIAN_POINT('',(100.,0.,35.));
#4366=CARTESIAN_POINT('',(100.,0.,0.));
#4367=CARTESIAN_POINT('',(0.,0.,35.));
#4368=CARTESIAN_POINT('Origin',(57.1,0.,35.));
#4369=CARTESIAN_POINT('',(57.1,0.,0.));
#4370=CARTESIAN_POINT('',(57.1,0.,35.));
#4371=CARTESIAN_POINT('',(57.1,0.,17.5));
#4372=CARTESIAN_POINT('',(57.1,-5.,0.));
#4373=CARTESIAN_POINT('',(57.1,0.,0.));
#4374=CARTESIAN_POINT('',(57.1,-5.,35.));
#4375=CARTESIAN_POINT('',(57.1,-5.,0.));
#4376=CARTESIAN_POINT('',(57.1,0.,35.));
#4377=CARTESIAN_POINT('Origin',(59.6,0.,0.));
#4378=CARTESIAN_POINT('',(59.6,0.,35.));
#4379=CARTESIAN_POINT('',(59.6,0.,0.));
#4380=CARTESIAN_POINT('',(59.6,0.,0.));
#4381=CARTESIAN_POINT('',(59.6,-5.,35.));
#4382=CARTESIAN_POINT('',(59.6,0.,35.));
#4383=CARTESIAN_POINT('',(59.6,-5.,0.));
#4384=CARTESIAN_POINT('',(59.6,-5.,35.));
#4385=CARTESIAN_POINT('',(59.6,0.,0.));
#4386=CARTESIAN_POINT('Origin',(58.35,-5.,17.5));
#4387=CARTESIAN_POINT('',(59.6,-5.,0.));
#4388=CARTESIAN_POINT('',(57.1,-5.,35.));
#4389=CARTESIAN_POINT('Origin',(0.,0.,0.));
#4390=CARTESIAN_POINT('',(42.9,0.,35.));
#4391=CARTESIAN_POINT('',(0.,0.,35.));
#4392=CARTESIAN_POINT('',(42.9,0.,0.));
#4393=CARTESIAN_POINT('',(42.9,0.,0.));
#4394=CARTESIAN_POINT('',(0.,0.,0.));
#4395=CARTESIAN_POINT('',(48.575,0.,24.));
#4396=CARTESIAN_POINT('Origin',(50.,0.,24.));
#4397=CARTESIAN_POINT('Origin',(0.,0.,0.));
#4398=CARTESIAN_POINT('',(73.8,0.,0.));
#4399=CARTESIAN_POINT('',(0.,0.,0.));
#4400=CARTESIAN_POINT('',(73.8,0.,35.));
#4401=CARTESIAN_POINT('',(73.8,0.,17.5));
#4402=CARTESIAN_POINT('',(0.,0.,35.));
#4403=CARTESIAN_POINT('',(65.275,0.,24.));
#4404=CARTESIAN_POINT('Origin',(66.7,0.,24.));
#4405=CARTESIAN_POINT('Origin',(26.2,0.,0.));
#4406=CARTESIAN_POINT('',(26.2,0.,35.));
#4407=CARTESIAN_POINT('',(26.2,0.,0.));
#4408=CARTESIAN_POINT('',(26.2,0.,0.));
#4409=CARTESIAN_POINT('',(26.2,-5.,35.));
#4410=CARTESIAN_POINT('',(26.2,0.,35.));
#4411=CARTESIAN_POINT('',(26.2,-5.,0.));
#4412=CARTESIAN_POINT('',(26.2,-5.,35.));
#4413=CARTESIAN_POINT('',(26.2,0.,0.));
#4414=CARTESIAN_POINT('Origin',(23.7,0.,35.));
#4415=CARTESIAN_POINT('',(23.7,0.,0.));
#4416=CARTESIAN_POINT('',(23.7,0.,35.));
#4417=CARTESIAN_POINT('',(23.7,0.,17.5));
#4418=CARTESIAN_POINT('',(23.7,-5.,0.));
#4419=CARTESIAN_POINT('',(23.7,0.,0.));
#4420=CARTESIAN_POINT('',(23.7,-5.,35.));
#4421=CARTESIAN_POINT('',(23.7,-5.,0.));
#4422=CARTESIAN_POINT('',(23.7,0.,35.));
#4423=CARTESIAN_POINT('Origin',(24.95,-5.,17.5));
#4424=CARTESIAN_POINT('',(23.7,-5.,35.));
#4425=CARTESIAN_POINT('',(26.2,-5.,0.));
#4426=CARTESIAN_POINT('Origin',(0.,0.,0.));
#4427=CARTESIAN_POINT('',(40.4,0.,0.));
#4428=CARTESIAN_POINT('',(0.,0.,0.));
#4429=CARTESIAN_POINT('',(40.4,0.,35.));
#4430=CARTESIAN_POINT('',(40.4,0.,17.5));
#4431=CARTESIAN_POINT('',(0.,0.,35.));
#4432=CARTESIAN_POINT('',(31.875,0.,24.));
#4433=CARTESIAN_POINT('Origin',(33.3,0.,24.));
#4434=CARTESIAN_POINT('Origin',(0.,0.,0.));
#4435=CARTESIAN_POINT('',(9.5,0.,35.));
#4436=CARTESIAN_POINT('',(0.,0.,35.));
#4437=CARTESIAN_POINT('',(9.5,0.,0.));
#4438=CARTESIAN_POINT('',(9.5,0.,0.));
#4439=CARTESIAN_POINT('',(0.,0.,0.));
#4440=CARTESIAN_POINT('',(15.175,0.,24.));
#4441=CARTESIAN_POINT('Origin',(16.6,0.,24.));
#4442=CARTESIAN_POINT('Origin',(16.6,0.,24.));
#4443=CARTESIAN_POINT('',(15.175,-5.,24.));
#4444=CARTESIAN_POINT('Origin',(16.6,-5.,24.));
#4445=CARTESIAN_POINT('',(15.175,0.,24.));
#4446=CARTESIAN_POINT('Origin',(16.6,-5.,24.));
#4447=CARTESIAN_POINT('Origin',(50.,0.,24.));
#4448=CARTESIAN_POINT('',(48.575,-5.,24.));
#4449=CARTESIAN_POINT('Origin',(50.,-5.,24.));
#4450=CARTESIAN_POINT('',(48.575,0.,24.));
#4451=CARTESIAN_POINT('Origin',(50.,-5.,24.));
#4452=CARTESIAN_POINT('Origin',(83.4,0.,24.));
#4453=CARTESIAN_POINT('',(81.975,-5.,24.));
#4454=CARTESIAN_POINT('Origin',(83.4,-5.,24.));
#4455=CARTESIAN_POINT('',(81.975,0.,24.));
#4456=CARTESIAN_POINT('Origin',(83.4,-5.,24.));
#4457=CARTESIAN_POINT('Origin',(66.7,0.,24.));
#4458=CARTESIAN_POINT('',(65.275,-5.,24.));
#4459=CARTESIAN_POINT('Origin',(66.7,-5.,24.));
#4460=CARTESIAN_POINT('',(65.275,0.,24.));
#4461=CARTESIAN_POINT('Origin',(66.7,-5.,24.));
#4462=CARTESIAN_POINT('Origin',(33.3,0.,24.));
#4463=CARTESIAN_POINT('',(31.875,-5.,24.));
#4464=CARTESIAN_POINT('Origin',(33.3,-5.,24.));
#4465=CARTESIAN_POINT('',(31.875,0.,24.));
#4466=CARTESIAN_POINT('Origin',(33.3,-5.,24.));
#4467=CARTESIAN_POINT('Origin',(9.5,0.,0.));
#4468=CARTESIAN_POINT('',(9.5,-5.,35.));
#4469=CARTESIAN_POINT('',(9.5,0.,35.));
#4470=CARTESIAN_POINT('',(9.5,-5.,0.));
#4471=CARTESIAN_POINT('',(9.5,-5.,35.));
#4472=CARTESIAN_POINT('',(9.5,0.,0.));
#4473=CARTESIAN_POINT('Origin',(7.,0.,35.));
#4474=CARTESIAN_POINT('',(7.,0.,0.));
#4475=CARTESIAN_POINT('',(7.,0.,35.));
#4476=CARTESIAN_POINT('',(7.,0.,17.5));
#4477=CARTESIAN_POINT('',(7.,-5.,0.));
#4478=CARTESIAN_POINT('',(7.,0.,0.));
#4479=CARTESIAN_POINT('',(7.,-5.,35.));
#4480=CARTESIAN_POINT('',(7.,-5.,0.));
#4481=CARTESIAN_POINT('',(7.,0.,35.));
#4482=CARTESIAN_POINT('Origin',(8.25,-5.,17.5));
#4483=CARTESIAN_POINT('',(7.,-5.,35.));
#4484=CARTESIAN_POINT('',(9.5,-5.,0.));
#4485=CARTESIAN_POINT('Origin',(0.,0.,0.));
#4486=CARTESIAN_POINT('',(0.,0.,35.));
#4487=CARTESIAN_POINT('',(0.,0.,35.));
#4488=CARTESIAN_POINT('',(0.,0.,0.));
#4489=CARTESIAN_POINT('',(0.,0.,0.));
#4490=CARTESIAN_POINT('',(0.,0.,0.));
#4491=CARTESIAN_POINT('Origin',(40.4,0.,35.));
#4492=CARTESIAN_POINT('',(40.4,-5.,0.));
#4493=CARTESIAN_POINT('',(40.4,0.,0.));
#4494=CARTESIAN_POINT('',(40.4,-5.,35.));
#4495=CARTESIAN_POINT('',(40.4,-5.,0.));
#4496=CARTESIAN_POINT('',(40.4,0.,35.));
#4497=CARTESIAN_POINT('Origin',(42.9,0.,0.));
#4498=CARTESIAN_POINT('',(42.9,-5.,35.));
#4499=CARTESIAN_POINT('',(42.9,0.,35.));
#4500=CARTESIAN_POINT('',(42.9,-5.,0.));
#4501=CARTESIAN_POINT('',(42.9,-5.,35.));
#4502=CARTESIAN_POINT('',(42.9,0.,0.));
#4503=CARTESIAN_POINT('Origin',(41.65,-5.,17.5));
#4504=CARTESIAN_POINT('',(42.9,-5.,0.));
#4505=CARTESIAN_POINT('',(40.4,-5.,35.));
#4506=CARTESIAN_POINT('Origin',(73.8,0.,35.));
#4507=CARTESIAN_POINT('',(73.8,-5.,0.));
#4508=CARTESIAN_POINT('',(73.8,0.,0.));
#4509=CARTESIAN_POINT('',(73.8,-5.,35.));
#4510=CARTESIAN_POINT('',(73.8,-5.,0.));
#4511=CARTESIAN_POINT('',(73.8,0.,35.));
#4512=CARTESIAN_POINT('Origin',(76.3,0.,0.));
#4513=CARTESIAN_POINT('',(76.3,-5.,35.));
#4514=CARTESIAN_POINT('',(76.3,0.,35.));
#4515=CARTESIAN_POINT('',(76.3,-5.,0.));
#4516=CARTESIAN_POINT('',(76.3,-5.,35.));
#4517=CARTESIAN_POINT('',(76.3,0.,0.));
#4518=CARTESIAN_POINT('Origin',(75.05,-5.,17.5));
#4519=CARTESIAN_POINT('',(76.3,-5.,0.));
#4520=CARTESIAN_POINT('',(73.8,-5.,35.));
#4521=CARTESIAN_POINT('Origin',(4.,150.,35.));
#4522=CARTESIAN_POINT('',(100.,150.,14.));
#4523=CARTESIAN_POINT('',(27.,150.,35.));
#4524=CARTESIAN_POINT('',(0.,150.,2.5));
#4525=CARTESIAN_POINT('Origin',(96.,5.,35.));
#4526=CARTESIAN_POINT('',(73.,5.,35.));
#4527=CARTESIAN_POINT('Origin',(100.,155.,0.));
#4528=CARTESIAN_POINT('',(100.,155.,0.));
#4529=CARTESIAN_POINT('',(0.,155.,0.));
#4530=CARTESIAN_POINT('',(100.,155.,0.));
#4531=CARTESIAN_POINT('',(0.,155.,35.));
#4532=CARTESIAN_POINT('',(0.,155.,0.));
#4533=CARTESIAN_POINT('',(100.,155.,35.));
#4534=CARTESIAN_POINT('',(100.,155.,35.));
#4535=CARTESIAN_POINT('',(100.,155.,0.));
#4536=CARTESIAN_POINT('Origin',(100.,0.,0.));
#4537=CARTESIAN_POINT('',(100.,0.,0.));
#4538=CARTESIAN_POINT('',(100.,0.,35.));
#4539=CARTESIAN_POINT('Origin',(0.,155.,0.));
#4540=CARTESIAN_POINT('',(0.,155.,0.));
#4541=CARTESIAN_POINT('',(0.,155.,35.));
#4542=CARTESIAN_POINT('Origin',(50.,77.5,35.));
#4543=CARTESIAN_POINT('Origin',(50.,77.5,0.));
#4544=CARTESIAN_POINT('Origin',(83.4,155.,24.));
#4545=CARTESIAN_POINT('',(81.975,160.,24.));
#4546=CARTESIAN_POINT('Origin',(83.4,160.,24.));
#4547=CARTESIAN_POINT('',(81.975,155.,24.));
#4548=CARTESIAN_POINT('',(81.975,155.,24.));
#4549=CARTESIAN_POINT('Origin',(83.4,155.,24.));
#4550=CARTESIAN_POINT('Origin',(50.,155.,17.5));
#4551=CARTESIAN_POINT('Origin',(50.,160.,17.5));
#4552=CARTESIAN_POINT('Origin',(66.7,155.,24.));
#4553=CARTESIAN_POINT('',(65.275,160.,24.));
#4554=CARTESIAN_POINT('Origin',(66.7,160.,24.));
#4555=CARTESIAN_POINT('',(65.275,155.,24.));
#4556=CARTESIAN_POINT('',(65.275,155.,24.));
#4557=CARTESIAN_POINT('Origin',(66.7,155.,24.));
#4558=CARTESIAN_POINT('Origin',(50.,155.,17.5));
#4559=CARTESIAN_POINT('Origin',(50.,160.,17.5));
#4560=CARTESIAN_POINT('Origin',(50.,155.,24.));
#4561=CARTESIAN_POINT('',(48.575,160.,24.));
#4562=CARTESIAN_POINT('Origin',(50.,160.,24.));
#4563=CARTESIAN_POINT('',(48.575,155.,24.));
#4564=CARTESIAN_POINT('',(48.575,155.,24.));
#4565=CARTESIAN_POINT('Origin',(50.,155.,24.));
#4566=CARTESIAN_POINT('Origin',(50.,155.,17.5));
#4567=CARTESIAN_POINT('Origin',(50.,160.,17.5));
#4568=CARTESIAN_POINT('Origin',(33.3,155.,24.));
#4569=CARTESIAN_POINT('',(31.875,160.,24.));
#4570=CARTESIAN_POINT('Origin',(33.3,160.,24.));
#4571=CARTESIAN_POINT('',(31.875,155.,24.));
#4572=CARTESIAN_POINT('',(31.875,155.,24.));
#4573=CARTESIAN_POINT('Origin',(33.3,155.,24.));
#4574=CARTESIAN_POINT('Origin',(50.,155.,17.5));
#4575=CARTESIAN_POINT('Origin',(50.,160.,17.5));
#4576=CARTESIAN_POINT('Origin',(16.6,155.,24.));
#4577=CARTESIAN_POINT('',(15.175,160.,24.));
#4578=CARTESIAN_POINT('Origin',(16.6,160.,24.));
#4579=CARTESIAN_POINT('',(15.175,155.,24.));
#4580=CARTESIAN_POINT('',(15.175,155.,24.));
#4581=CARTESIAN_POINT('Origin',(16.6,155.,24.));
#4582=CARTESIAN_POINT('Origin',(50.,155.,17.5));
#4583=CARTESIAN_POINT('Origin',(50.,160.,17.5));
#4584=CARTESIAN_POINT('Origin',(9.5,155.,0.));
#4585=CARTESIAN_POINT('',(7.,155.,0.));
#4586=CARTESIAN_POINT('',(9.5,155.,0.));
#4587=CARTESIAN_POINT('',(29.75,155.,0.));
#4588=CARTESIAN_POINT('',(7.,160.,0.));
#4589=CARTESIAN_POINT('',(7.,155.,0.));
#4590=CARTESIAN_POINT('',(9.5,160.,0.));
#4591=CARTESIAN_POINT('',(29.75,160.,0.));
#4592=CARTESIAN_POINT('',(9.5,155.,0.));
#4593=CARTESIAN_POINT('Origin',(9.5,155.,35.));
#4594=CARTESIAN_POINT('',(9.5,155.,35.));
#4595=CARTESIAN_POINT('',(9.5,155.,26.25));
#4596=CARTESIAN_POINT('',(9.5,160.,35.));
#4597=CARTESIAN_POINT('',(9.5,160.,26.25));
#4598=CARTESIAN_POINT('',(9.5,155.,35.));
#4599=CARTESIAN_POINT('Origin',(7.,155.,35.));
#4600=CARTESIAN_POINT('',(7.,155.,35.));
#4601=CARTESIAN_POINT('',(28.5,155.,35.));
#4602=CARTESIAN_POINT('',(7.,160.,35.));
#4603=CARTESIAN_POINT('',(28.5,160.,35.));
#4604=CARTESIAN_POINT('',(7.,155.,35.));
#4605=CARTESIAN_POINT('Origin',(7.,155.,0.));
#4606=CARTESIAN_POINT('',(7.,155.,8.75));
#4607=CARTESIAN_POINT('',(7.,160.,8.75));
#4608=CARTESIAN_POINT('Origin',(50.,155.,17.5));
#4609=CARTESIAN_POINT('Origin',(50.,160.,17.5));
#4610=CARTESIAN_POINT('Origin',(26.2,155.,0.));
#4611=CARTESIAN_POINT('',(23.7,155.,0.));
#4612=CARTESIAN_POINT('',(26.2,155.,0.));
#4613=CARTESIAN_POINT('',(38.1,155.,0.));
#4614=CARTESIAN_POINT('',(23.7,160.,0.));
#4615=CARTESIAN_POINT('',(23.7,155.,0.));
#4616=CARTESIAN_POINT('',(26.2,160.,0.));
#4617=CARTESIAN_POINT('',(38.1,160.,0.));
#4618=CARTESIAN_POINT('',(26.2,155.,0.));
#4619=CARTESIAN_POINT('Origin',(26.2,155.,35.));
#4620=CARTESIAN_POINT('',(26.2,155.,35.));
#4621=CARTESIAN_POINT('',(26.2,155.,26.25));
#4622=CARTESIAN_POINT('',(26.2,160.,35.));
#4623=CARTESIAN_POINT('',(26.2,160.,26.25));
#4624=CARTESIAN_POINT('',(26.2,155.,35.));
#4625=CARTESIAN_POINT('Origin',(23.7,155.,35.));
#4626=CARTESIAN_POINT('',(23.7,155.,35.));
#4627=CARTESIAN_POINT('',(36.85,155.,35.));
#4628=CARTESIAN_POINT('',(23.7,160.,35.));
#4629=CARTESIAN_POINT('',(36.85,160.,35.));
#4630=CARTESIAN_POINT('',(23.7,155.,35.));
#4631=CARTESIAN_POINT('Origin',(23.7,155.,0.));
#4632=CARTESIAN_POINT('',(23.7,155.,8.75));
#4633=CARTESIAN_POINT('',(23.7,160.,8.75));
#4634=CARTESIAN_POINT('Origin',(50.,155.,17.5));
#4635=CARTESIAN_POINT('Origin',(50.,160.,17.5));
#4636=CARTESIAN_POINT('Origin',(40.4,155.,35.));
#4637=CARTESIAN_POINT('',(42.9,155.,35.));
#4638=CARTESIAN_POINT('',(40.4,155.,35.));
#4639=CARTESIAN_POINT('',(45.2,155.,35.));
#4640=CARTESIAN_POINT('',(42.9,160.,35.));
#4641=CARTESIAN_POINT('',(42.9,155.,35.));
#4642=CARTESIAN_POINT('',(40.4,160.,35.));
#4643=CARTESIAN_POINT('',(45.2,160.,35.));
#4644=CARTESIAN_POINT('',(40.4,155.,35.));
#4645=CARTESIAN_POINT('Origin',(40.4,155.,0.));
#4646=CARTESIAN_POINT('',(40.4,155.,0.));
#4647=CARTESIAN_POINT('',(40.4,155.,8.75));
#4648=CARTESIAN_POINT('',(40.4,160.,0.));
#4649=CARTESIAN_POINT('',(40.4,160.,8.75));
#4650=CARTESIAN_POINT('',(40.4,155.,0.));
#4651=CARTESIAN_POINT('Origin',(42.9,155.,0.));
#4652=CARTESIAN_POINT('',(42.9,155.,0.));
#4653=CARTESIAN_POINT('',(46.45,155.,0.));
#4654=CARTESIAN_POINT('',(42.9,160.,0.));
#4655=CARTESIAN_POINT('',(46.45,160.,0.));
#4656=CARTESIAN_POINT('',(42.9,155.,0.));
#4657=CARTESIAN_POINT('Origin',(42.9,155.,35.));
#4658=CARTESIAN_POINT('',(42.9,155.,26.25));
#4659=CARTESIAN_POINT('',(42.9,160.,26.25));
#4660=CARTESIAN_POINT('Origin',(50.,155.,17.5));
#4661=CARTESIAN_POINT('Origin',(50.,160.,17.5));
#4662=CARTESIAN_POINT('Origin',(57.1,155.,35.));
#4663=CARTESIAN_POINT('',(59.6,155.,35.));
#4664=CARTESIAN_POINT('',(57.1,155.,35.));
#4665=CARTESIAN_POINT('',(53.55,155.,35.));
#4666=CARTESIAN_POINT('',(59.6,160.,35.));
#4667=CARTESIAN_POINT('',(59.6,155.,35.));
#4668=CARTESIAN_POINT('',(57.1,160.,35.));
#4669=CARTESIAN_POINT('',(53.55,160.,35.));
#4670=CARTESIAN_POINT('',(57.1,155.,35.));
#4671=CARTESIAN_POINT('Origin',(57.1,155.,0.));
#4672=CARTESIAN_POINT('',(57.1,155.,0.));
#4673=CARTESIAN_POINT('',(57.1,155.,8.75));
#4674=CARTESIAN_POINT('',(57.1,160.,0.));
#4675=CARTESIAN_POINT('',(57.1,160.,8.75));
#4676=CARTESIAN_POINT('',(57.1,155.,0.));
#4677=CARTESIAN_POINT('Origin',(59.6,155.,0.));
#4678=CARTESIAN_POINT('',(59.6,155.,0.));
#4679=CARTESIAN_POINT('',(54.8,155.,0.));
#4680=CARTESIAN_POINT('',(59.6,160.,0.));
#4681=CARTESIAN_POINT('',(54.8,160.,0.));
#4682=CARTESIAN_POINT('',(59.6,155.,0.));
#4683=CARTESIAN_POINT('Origin',(59.6,155.,35.));
#4684=CARTESIAN_POINT('',(59.6,155.,26.25));
#4685=CARTESIAN_POINT('',(59.6,160.,26.25));
#4686=CARTESIAN_POINT('Origin',(50.,155.,17.5));
#4687=CARTESIAN_POINT('Origin',(50.,160.,17.5));
#4688=CARTESIAN_POINT('Origin',(73.8,155.,35.));
#4689=CARTESIAN_POINT('',(76.3,155.,35.));
#4690=CARTESIAN_POINT('',(73.8,155.,35.));
#4691=CARTESIAN_POINT('',(61.9,155.,35.));
#4692=CARTESIAN_POINT('',(76.3,160.,35.));
#4693=CARTESIAN_POINT('',(76.3,155.,35.));
#4694=CARTESIAN_POINT('',(73.8,160.,35.));
#4695=CARTESIAN_POINT('',(61.9,160.,35.));
#4696=CARTESIAN_POINT('',(73.8,155.,35.));
#4697=CARTESIAN_POINT('Origin',(73.8,155.,0.));
#4698=CARTESIAN_POINT('',(73.8,155.,0.));
#4699=CARTESIAN_POINT('',(73.8,155.,8.75));
#4700=CARTESIAN_POINT('',(73.8,160.,0.));
#4701=CARTESIAN_POINT('',(73.8,160.,8.75));
#4702=CARTESIAN_POINT('',(73.8,155.,0.));
#4703=CARTESIAN_POINT('Origin',(76.3,155.,0.));
#4704=CARTESIAN_POINT('',(76.3,155.,0.));
#4705=CARTESIAN_POINT('',(63.15,155.,0.));
#4706=CARTESIAN_POINT('',(76.3,160.,0.));
#4707=CARTESIAN_POINT('',(63.15,160.,0.));
#4708=CARTESIAN_POINT('',(76.3,155.,0.));
#4709=CARTESIAN_POINT('Origin',(76.3,155.,35.));
#4710=CARTESIAN_POINT('',(76.3,155.,26.25));
#4711=CARTESIAN_POINT('',(76.3,160.,26.25));
#4712=CARTESIAN_POINT('Origin',(50.,155.,17.5));
#4713=CARTESIAN_POINT('Origin',(50.,160.,17.5));
#4714=CARTESIAN_POINT('Origin',(90.5,155.,0.));
#4715=CARTESIAN_POINT('',(90.5,155.,35.));
#4716=CARTESIAN_POINT('',(90.5,155.,0.));
#4717=CARTESIAN_POINT('',(90.5,155.,8.75));
#4718=CARTESIAN_POINT('',(90.5,160.,35.));
#4719=CARTESIAN_POINT('',(90.5,155.,35.));
#4720=CARTESIAN_POINT('',(90.5,160.,0.));
#4721=CARTESIAN_POINT('',(90.5,160.,8.75));
#4722=CARTESIAN_POINT('',(90.5,155.,0.));
#4723=CARTESIAN_POINT('Origin',(93.,155.,0.));
#4724=CARTESIAN_POINT('',(93.,155.,0.));
#4725=CARTESIAN_POINT('',(71.5,155.,0.));
#4726=CARTESIAN_POINT('',(93.,160.,0.));
#4727=CARTESIAN_POINT('',(71.5,160.,0.));
#4728=CARTESIAN_POINT('',(93.,155.,0.));
#4729=CARTESIAN_POINT('Origin',(93.,155.,35.));
#4730=CARTESIAN_POINT('',(93.,155.,35.));
#4731=CARTESIAN_POINT('',(93.,155.,26.25));
#4732=CARTESIAN_POINT('',(93.,160.,35.));
#4733=CARTESIAN_POINT('',(93.,160.,26.25));
#4734=CARTESIAN_POINT('',(93.,155.,35.));
#4735=CARTESIAN_POINT('Origin',(90.5,155.,35.));
#4736=CARTESIAN_POINT('',(70.25,155.,35.));
#4737=CARTESIAN_POINT('',(70.25,160.,35.));
#4738=CARTESIAN_POINT('Origin',(50.,155.,17.5));
#4739=CARTESIAN_POINT('Origin',(50.,160.,17.5));
#4740=UNCERTAINTY_MEASURE_WITH_UNIT(LENGTH_MEASURE(0.01),#4744,
'DISTANCE_ACCURACY_VALUE',
'Maximum model space distance between geometric entities at asserted c
onnectivities');
#4741=UNCERTAINTY_MEASURE_WITH_UNIT(LENGTH_MEASURE(0.01),#4744,
'DISTANCE_ACCURACY_VALUE',
'Maximum model space distance between geometric entities at asserted c
onnectivities');
#4742=(
GEOMETRIC_REPRESENTATION_CONTEXT(3)
GLOBAL_UNCERTAINTY_ASSIGNED_CONTEXT((#4740))
GLOBAL_UNIT_ASSIGNED_CONTEXT((#4744,#4746,#4747))
REPRESENTATION_CONTEXT('','3D')
);
#4743=(
GEOMETRIC_REPRESENTATION_CONTEXT(3)
GLOBAL_UNCERTAINTY_ASSIGNED_CONTEXT((#4741))
GLOBAL_UNIT_ASSIGNED_CONTEXT((#4744,#4746,#4747))
REPRESENTATION_CONTEXT('','3D')
);
#4744=(
LENGTH_UNIT()
NAMED_UNIT(*)
SI_UNIT(.MILLI.,.METRE.)
);
#4745=(
LENGTH_UNIT()
NAMED_UNIT(*)
SI_UNIT($,.METRE.)
);
#4746=(
NAMED_UNIT(*)
PLANE_ANGLE_UNIT()
SI_UNIT($,.RADIAN.)
);
#4747=(
NAMED_UNIT(*)
SI_UNIT($,.STERADIAN.)
SOLID_ANGLE_UNIT()
);
#4748=SHAPE_DEFINITION_REPRESENTATION(#4749,#4750);
#4749=PRODUCT_DEFINITION_SHAPE('',$,#4752);
#4750=SHAPE_REPRESENTATION('',(#2952),#4742);
#4751=PRODUCT_DEFINITION_CONTEXT('part definition',#4756,'design');
#4752=PRODUCT_DEFINITION('2026-08-18-14-32-54-049',
'MotorChassisAgain (~recovered)',#4753,#4751);
#4753=PRODUCT_DEFINITION_FORMATION('',$,#4758);
#4754=PRODUCT_RELATED_PRODUCT_CATEGORY('MotorChassisAgain (~recovered)',
'MotorChassisAgain (~recovered)',(#4758));
#4755=APPLICATION_PROTOCOL_DEFINITION('international standard',
'automotive_design',2009,#4756);
#4756=APPLICATION_CONTEXT(
'Core Data for Automotive Mechanical Design Process');
#4757=PRODUCT_CONTEXT('part definition',#4756,'mechanical');
#4758=PRODUCT('2026-08-18-14-32-54-049',
'MotorChassisAgain (~recovered)',$,(#4757));
#4759=PRESENTATION_STYLE_ASSIGNMENT((#4760));
#4760=SURFACE_STYLE_USAGE(.BOTH.,#4761);
#4761=SURFACE_SIDE_STYLE('',(#4762));
#4762=SURFACE_STYLE_FILL_AREA(#4763);
#4763=FILL_AREA_STYLE('Steel - Satin',(#4764));
#4764=FILL_AREA_STYLE_COLOUR('Steel - Satin',#4765);
#4765=COLOUR_RGB('Steel - Satin',0.627450980392157,0.627450980392157,0.627450980392157);
ENDSEC;
END-ISO-10303-21;
